Struct.formula,Struct.formula,,族1,族2,元素1数,元素2数,Table No.
V O2,V,O2,5,16,1,2,2
Nb I5,Nb,I5,5,17,1,5,2
Hg O,Hg,O,12,16,1,1,2
Tb11 O20,Tb11,O20,3,16,11,20,2
Au4 Cl8,Au4,Cl8,11,17,4,8,2
C3 S8,C3,S8,14,16,3,8,2
Ti6 O11,Ti6,O11,4,16,6,11,2
Eu As3,Eu,As3,3,15,1,3,2
Ni6.742 In3,Ni6.742,In3,10,13,6.742,3,2
Li B0.5,Li,B0.5,1,13,1,0.5,2
C90 Cl24.08,C90,Cl24.08,14,17,90,24.08,2
Ag1 P15,Ag1,P15,11,15,1,15,2
W O2.90,W,O2.90,6,16,1,2.9,10
Si72 O144,Si72,O144,14,16,72,144,10
Li2.74 Pd5.26,Li2.74,Pd5.26,1,10,2.74,5.26,10
Pd Cl2,Pd,Cl2,10,17,1,2,10
Sm5 Br11,Sm5,Br11,3,17,5,11,11
P4 O6,P4,O6,15,16,4,6,11
Y2 S3,Y2,S3,3,16,2,3,11
Sm P5,Sm,P5,3,15,1,5,11
Nb2 Se3,Nb2,Se3,5,16,2,3,11
Dy5 Cl11,Dy5,Cl11,3,17,5,11,11
Al Ce3,Al,Ce3,13,3,1,3,11
Hf Te3,Hf,Te3,4,16,1,3,11
Zr Ir,Zr,Ir,4,9,1,1,11
Ga5 Pt,Ga5,Pt,13,10,5,1,11
Zr Cl,Zr,Cl,4,17,1,1,12
Gd Br3,Gd,Br3,3,17,1,3,12
V4 As3,V4,As3,5,15,4,3,12
Cr Cl3,Cr,Cl3,6,17,1,3,12
Nb2 Se,Nb2,Se,5,16,2,1,12
Cu2 P7,Cu2,P7,11,15,2,7,12
Si O2,Si,O2,14,16,1,2,12
Ca5 P8,Ca5,P8,2,15,5,8,12
Nb As2,Nb,As2,5,15,1,2,12
Rh1.278 Te2,Rh1.278,Te2,9,16,1.278,2,12
Er4 I5,Er4,I5,3,17,4,5,12
V0.625 S,V0.625,S,5,16,0.625,1,12
Y5 S7,Y5,S7,3,16,5,7,12
P Cl5,P,Cl5,15,17,1,5,12
Ca C2,Ca,C2,2,14,1,2,12
Al4 Li9,Al4,Li9,13,1,4,9,12
Au5 Mn2,Au5,Mn2,11,7,5,2,12
Cu11 In9,Cu11,In9,11,13,11,9,12
Co1.93 Zn15.04,Co1.93,Zn15.04,9,12,1.93,15.04,12
Cu Cl2,Cu,Cl2,11,17,1,2,12
Pt Te,Pt,Te,10,16,1,1,12
Mg2.3 Ir2.7,Mg2.3,Ir2.7,2,9,2.3,2.7,12
Hf7 As4,Hf7,As4,4,15,7,4,12
Co17 Th2,Co17,Th2,9,3,17,2,12
Yb Ga4,Yb,Ga4,3,13,1,4,12
Ti7 P4,Ti7,P4,4,15,7,4,12
Ta F5,Ta,F5,5,17,1,5,12
Sc5 Ga3,Sc5,Ga3,3,13,5,3,12
Er2 O3,Er2,O3,3,16,2,3,12
Li3.49 C60,Li3.49,C60,1,14,3.49,60,12
Bi Se,Bi,Se,15,16,1,1,12
Gd3 Ni2,Gd3,Ni2,3,10,3,2,12
Hf Cl4,Hf,Cl4,4,17,1,4,13
Se1.1 S6.9,Se1.1,S6.9,16,16,1.1,6.9,13
Ti3 O5,Ti3,O5,4,16,3,5,13
Re Cl4,Re,Cl4,7,17,1,4,13
Fe3 O4,Fe3,O4,8,16,3,4,13
As8 S9,As8,S9,15,16,8,9,13
Nd As2,Nd,As2,3,15,1,2,14
As2 O3,As2,O3,15,16,2,3,14
B8 S16,B8,S16,13,16,8,16,14
Ti Br4,Ti,Br4,4,17,1,4,14
B F3,B,F3,13,17,1,3,14
Hf O2,Hf,O2,4,16,1,2,14
Sr2 Sb3,Sr2,Sb3,2,15,2,3,14
La Se2,La,Se2,3,16,1,2,14
Te I4,Te,I4,16,17,1,4,14
Ho4 C7,Ho4,C7,3,14,4,7,14
Lu4 C7,Lu4,C7,3,14,4,7,14
Y4 C7,Y4,C7,3,14,4,7,14
Al2 Te3,Al2,Te3,13,16,2,3,14
Ag2 S,Ag2,S,11,16,2,1,14
Rb4 Sb4,Rb4,Sb4,1,15,4,4,14
Al9 Co2,Al9,Co2,13,9,9,2,14
Mo5 O14,Mo5,O14,6,16,5,14,14
Ni Y,Ni,Y,10,3,1,1,14
Ho12 Co7,Ho12,Co7,3,9,12,7,14
Rb Bi,Rb,Bi,1,15,1,1,14
As Se,As,Se,15,16,1,1,14
Ru P4,Ru,P4,8,15,1,4,14
Nd Se2,Nd,Se2,3,16,1,2,14
C76 Cl33.84,C76,Cl33.84,14,17,76,33.84,14
C86 Cl28,C86,Cl28,14,17,86,28,14
K2 S6,K2,S6,1,16,2,6,14
As12 O18,As12,O18,15,16,12,18,14
Si24 O48,Si24,O48,14,16,24,48,14
Pr Au6,Pr,Au6,3,11,1,6,15
Ta6 S,Ta6,S,5,16,6,1,15
Pt5 P2,Pt5,P2,10,15,5,2,15
Fe P4,Fe,P4,8,15,1,4,15
As4 S4,As4,S4,15,16,4,4,15
Tm2 Ge2.94,Tm2,Ge2.94,3,14,2,2.94,15
Cr F4,Cr,F4,6,17,1,4,15
Th C1.97,Th,C1.97,3,14,1,1.97,15
Cl2 O7,Cl2,O7,17,16,2,7,15
Er5 Ru2,Er5,Ru2,3,8,5,2,15
Sm5 Ir2,Sm5,Ir2,3,9,5,2,15
Tb5 Ru2,Tb5,Ru2,3,8,5,2,15
Nd2 B5,Nd2,B5,3,13,2,5,15
C76 Cl29.30,C76,Cl29.30,14,17,76,29.3,15
C96 Cl24.12,C96,Cl24.12,14,17,96,24.12,15
Er2 Si3.333,Er2,Si3.333,3,14,2,3.333,47
Ti D0.66,Ti,D0.66,4,1,1,0.66,48
Bi Pd3,Bi,Pd3,15,10,1,3,51
Ir1.2 Nb0.8,Ir1.2,Nb0.8,9,5,1.2,0.8,51
In2 I4,In2,I4,13,17,2,4,52
Tb44 Ru25,Tb44,Ru25,3,8,44,25,52
Li7 Si2,Li7,Si2,1,14,7,2,55
Si P2,Si,P2,14,15,1,2,55
Ni Sn,Ni,Sn,10,14,1,1,55
Nb Br5,Nb,Br5,5,17,1,5,55
Mn3 O4,Mn3,O4,7,16,3,4,57
Al Tb,Al,Tb,13,3,1,1,57
Pr Al,Pr,Al,3,13,1,1,57
Ru Sb2,Ru,Sb2,8,15,1,2,58
Ti2 S,Ti2,S,4,16,2,1,58
Hf2 P,Hf2,P,4,15,2,1,58
Si1.04 B5.82,Si1.04,B5.82,14,13,1.04,5.82,58
Ru Te2,Ru,Te2,8,16,1,2,58
Fe2 C,Fe2,C,8,14,2,1,58
Ge O2,Ge,O2,14,16,1,2,58
Mn S2,Mn,S2,7,16,1,2,58
Mn B4,Mn,B4,7,13,1,4,58
Os B2,Os,B2,8,13,1,2,59
Cu3 Sn,Cu3,Sn,11,14,3,1,59
Er Au3,Er,Au3,3,11,1,3,59
Zr Au3,Zr,Au3,4,11,1,3,59
Er2 Sn5,Er2,Sn5,3,14,2,5,59
Ti O2,Ti,O2,4,16,1,2,60
K3 P11,K3,P11,1,15,3,11,60
W O3,W,O3,6,16,1,3,60
Mn N0.457,Mn,N0.457,7,15,1,0.457,60
Fe2 N,Fe2,N,8,15,2,1,60
B2 Cl4,B2,Cl4,13,17,2,4,61
Ni P,Ni,P,10,15,1,1,61
Zn Sb,Zn,Sb,12,15,1,1,61
Au3 Ca7,Au3,Ca7,11,2,3,7,61
Zn0.96 Sb,Zn0.96,Sb,12,15,0.96,1,61
Te2 Br,Te2,Br,16,17,2,1,62
Cs2 S,Cs2,S,1,16,2,1,62
Y5 Pt4,Y5,Pt4,3,10,5,4,62
V F5,V,F5,5,17,1,5,62
Yb D2,Yb,D2,3,1,1,2,62
Fe3 C,Fe3,C,8,14,3,1,62
Pd3 P0.8,Pd3,P0.8,10,15,3,0.8,62
Ti P2,Ti,P2,4,15,1,2,62
Nb0.9 S,Nb0.9,S,5,16,0.9,1,62
P4 Se3,P4,Se3,15,16,4,3,62
Th2 S3,Th2,S3,3,16,2,3,62
Na2 S5,Na2,S5,1,16,2,5,62
Eu H1.9,Eu,H1.9,3,1,1,1.9,62
U Te5,U,Te5,3,16,1,5,62
Ho2 S3,Ho2,S3,3,16,2,3,62
Tb2 S3,Tb2,S3,3,16,2,3,62
Tb2 Se3,Tb2,Se3,3,16,2,3,62
Sc2 Te,Sc2,Te,3,16,2,1,62
Rh As,Rh,As,9,15,1,1,62
Co P,Co,P,9,15,1,1,62
Am Si,Am,Si,3,14,1,1,62
Rh2 Ge,Rh2,Ge,9,14,2,1,62
Zr2 Te,Zr2,Te,4,16,2,1,62
Zr Te,Zr,Te,4,16,1,1,62
Ba5 Sb4,Ba5,Sb4,2,15,5,4,62
Rb2 C2,Rb2,C2,1,14,2,2,62
Yb5 Si4,Yb5,Si4,3,14,5,4,62
Au Ca3,Au,Ca3,11,2,1,3,62
Bi3 Rh,Bi3,Rh,15,9,3,1,62
Y F3,Y,F3,3,17,1,3,62
Cu6 Th,Cu6,Th,11,3,6,1,62
Ga Th,Ga,Th,13,3,1,1,62
Hg Mg2,Hg,Mg2,12,2,1,2,62
Pb Sr2,Pb,Sr2,14,2,1,2,62
Rh Zr,Rh,Zr,9,4,1,1,62
Ni Tb,Ni,Tb,10,3,1,1,62
P4.68 Se0.3125,P4.68,Se0.3125,15,16,4.68,0.3125,62
La3 Ir,La3,Ir,3,9,3,1,62
Nd2 Al,Nd2,Al,3,13,2,1,62
Zr3 As2,Zr3,As2,4,15,3,2,62
Au La,Au,La,11,3,1,1,62
Co3 B0.75,Co3,B0.75,9,13,3,0.75,62
Ca2 Hg,Ca2,Hg,2,12,2,1,62
Dy3 Co,Dy3,Co,3,9,3,1,62
Y3 Co,Y3,Co,3,9,3,1,62
Pu Cu6,Pu,Cu6,3,11,1,6,62
Dy3 Ir,Dy3,Ir,3,9,3,1,62
Dy Si,Dy,Si,3,14,1,1,62
Er Pt,Er,Pt,3,10,1,1,62
Ho2 Ga3.33,Ho2,Ga3.33,3,13,2,3.33,62
Gd3 Ir,Gd3,Ir,3,9,3,1,62
La Ge,La,Ge,3,14,1,1,62
Zr Ge,Zr,Ge,4,14,1,1,62
Ho Pt,Ho,Pt,3,10,1,1,62
La3 Os,La3,Os,3,8,3,1,62
Lu Zn3,Lu,Zn3,3,12,1,3,62
Nd5 Sn4,Nd5,Sn4,3,14,5,4,62
Yb3 O4,Yb3,O4,3,16,3,4,62
Pb S,Pb,S,14,16,1,1,62
Yb3 Pd,Yb3,Pd,3,10,3,1,62
Tb3 Pt,Tb3,Pt,3,10,3,1,62
Rh Se2,Rh,Se2,9,16,1,2,62
Y2 S3,Y2,S3,3,16,2,3,62
Sm2 Te3,Sm2,Te3,3,16,2,3,62
Ni Yb3,Ni,Yb3,10,3,1,3,62
Ta Br5,Ta,Br5,5,17,1,5,62
Al11 Mn4.6,Al11,Mn4.6,13,7,11,4.6,62
Pb O2,Pb,O2,14,16,1,2,62
Sr Hg3,Sr,Hg3,2,12,1,3,62
Lu5 Sb3,Lu5,Sb3,3,15,5,3,62
Ba7 Ge6,Ba7,Ge6,2,14,7,6,62
U I3,U,I3,3,17,1,3,63
Ta3 N5,Ta3,N5,5,15,3,5,63
Nd2 Te5,Nd2,Te5,3,16,2,5,63
Pu Br3,Pu,Br3,3,17,1,3,63
Fe0.91 S,Fe0.91,S,8,16,0.91,1,63
Tm8 S11,Tm8,S11,3,16,8,11,63
Cu Se,Cu,Se,11,16,1,1,63
Li11 Ge6,Li11,Ge6,1,14,11,6,63
Re3 B,Re3,B,7,13,3,1,63
Y Ge2.69,Y,Ge2.69,3,14,1,2.69,63
Th Ge2,Th,Ge2,3,14,1,2,63
Sr3 Sn5,Sr3,Sn5,2,14,3,5,63
Ba Zn5,Ba,Zn5,2,12,1,5,63
Tb Cl3,Tb,Cl3,3,17,1,3,63
Ga6.84 Li2,Ga6.84,Li2,13,1,6.84,2,63
Ag0.53 Cd0.47,Ag0.53,Cd0.47,11,12,0.53,0.47,63
Rh5 V3,Rh5,V3,9,5,5,3,63
Pr Ni,Pr,Ni,3,10,1,1,63
U Re2,U,Re2,3,7,1,2,63
Am Te3,Am,Te3,3,16,1,3,63
Fe B,Fe,B,8,13,1,1,63
Ce Ni,Ce,Ni,3,10,1,1,63
Dy Sn2,Dy,Sn2,3,14,1,2,63
Gd Ga,Gd,Ga,3,13,1,1,63
Tm Ga,Tm,Ga,3,13,1,1,63
Tm Ge2,Tm,Ge2,3,14,1,2,63
Pr3 In5,Pr3,In5,3,13,3,5,63
La Te3,La,Te3,3,16,1,3,63
Nd3 Tl5,Nd3,Tl5,3,13,3,5,63
Pd Sm,Pd,Sm,10,3,1,1,63
Pt Zr,Pt,Zr,10,4,1,1,63
Tm Sn2,Tm,Sn2,3,14,1,2,63
Lu3 Ge4,Lu3,Ge4,3,14,3,4,63
Al Pr,Al,Pr,13,3,1,1,63
Th Rh,Th,Rh,3,9,1,1,63
U2.67 Ga5.33,U2.67,Ga5.33,3,13,2.67,5.33,63
Ti0.836 Nb0.164,Ti0.836,Nb0.164,4,5,0.836,0.164,63
Ba Si6,Ba,Si6,2,14,1,6,63
Ta I5,Ta,I5,5,17,1,5,63
Ba In,Ba,In,2,13,1,1,63
La2 Ni3,La2,Ni3,3,10,2,3,64
C Se2,C,Se2,14,16,1,2,64
La S,La,S,3,16,1,1,64
Ce Sb2,Ce,Sb2,3,15,1,2,64
Mg1.037 Ir0.963,Mg1.037,Ir0.963,2,9,1.037,0.963,64
K Tl,K,Tl,1,13,1,1,64
Ta5 B6,Ta5,B6,5,13,5,6,65
Al3 Ni5,Al3,Ni5,13,10,3,5,65
Al2 Ti,Al2,Ti,13,4,2,1,65
Sm Sn2,Sm,Sn2,3,14,1,2,65
Pr Ge3.36,Pr,Ge3.36,3,14,1,3.36,65
Hf Si11,Hf,Si11,4,14,1,11,65
Fe Se0.92,Fe,Se0.92,8,16,1,0.92,67
Cs4 P6,Cs4,P6,1,15,4,6,69
Ti Si2,Ti,Si2,4,14,1,2,70
Ho2 Se3,Ho2,Se3,3,16,2,3,70
Nb Sn2,Nb,Sn2,5,14,1,2,70
Lu2 Te3,Lu2,Te3,3,16,2,3,70
Lu3 S4,Lu3,S4,3,16,3,4,70
U Te2,U,Te2,3,16,1,2,71
Mn3 B4,Mn3,B4,7,13,3,4,71
Gd3 Zn11,Gd3,Zn11,3,12,3,11,71
Ba11 Sb10,Ba11,Sb10,2,15,11,10,71
Dy3 Zn11,Dy3,Zn11,3,12,3,11,71
Pr3 Zn11,Pr3,Zn11,3,12,3,11,71
Gd Si5,Gd,Si5,3,14,1,5,71
Gd Ge5,Gd,Ge5,3,14,1,5,71
Si S2,Si,S2,14,16,1,2,72
Pt5 Ti3,Pt5,Ti3,10,4,5,3,72
Nd Si1.817,Nd,Si1.817,3,14,1,1.817,74
Al4 Np,Al4,Np,13,3,4,1,74
Au2 Sr,Au2,Sr,11,2,2,1,74
Ce Zn2,Ce,Zn2,3,12,1,2,74
Ho Zn2,Ho,Zn2,3,12,1,2,74
Cu2 Nd,Cu2,Nd,11,3,2,1,74
Gd Al4,Gd,Al4,3,13,1,4,74
Dy Cu2,Dy,Cu2,3,11,1,2,74
Dy2 Si3,Dy2,Si3,3,14,2,3,74
Nd Ge1.6,Nd,Ge1.6,3,14,1,1.6,74
Pr2 Si3,Pr2,Si3,3,14,2,3,74
Cu2 Sm,Cu2,Sm,11,3,2,1,74
Si72 O144,Si72,O144,14,16,72,144,74
Nd Ge1.73,Nd,Ge1.73,3,14,1,1.73,74
Pt S,Pt,S,10,16,1,1,84
La Se1.85,La,Se1.85,3,16,1,1.85,85
La3 Ge,La3,Ge,3,14,3,1,86
Zr H,Zr,H,4,1,1,1,86
Zr3 Ge,Zr3,Ge,4,14,3,1,86
Nd S1.9,Nd,S1.9,3,16,1,1.9,86
Ta4 N5,Ta4,N5,5,15,4,5,87
H D,H,D,1,1,1,1,87
Ag4 Sc,Ag4,Sc,11,3,4,1,87
Ti5 Se4,Ti5,Se4,4,16,5,4,87
Pr9 Ga4,Pr9,Ga4,3,13,9,4,87
Ti O1.25,Ti,O1.25,4,16,1,1.25,87
Ta O2,Ta,O2,5,16,1,2,88
Al21 Pd8,Al21,Pd8,13,10,21,8,88
Pd O,Pd,O,10,16,1,1,123
Al Mn,Al,Mn,13,7,1,1,123
Bi Ce,Bi,Ce,15,3,1,1,123
Cu Ga2,Cu,Ga2,11,13,1,2,123
Ga Yb,Ga,Yb,13,3,1,1,123
Ir V,Ir,V,9,5,1,1,123
Pb Yb,Pb,Yb,14,3,1,1,123
Sn Yb,Sn,Yb,14,3,1,1,123
Hg Mn,Hg,Mn,12,7,1,1,123
In Pd3,In,Pd3,13,10,1,3,123
Pd3 Tl,Pd3,Tl,10,13,3,1,123
Cu3.1 N1.033,Cu3.1,N1.033,11,15,3.1,1.033,123
Ta Te4,Ta,Te4,5,16,1,4,124
La Ga6,La,Ga6,3,13,1,6,125
Ga6 La,Ga6,La,13,3,6,1,125
Sm Ga6,Sm,Ga6,3,13,1,6,125
Mn0.576 Si,Mn0.576,Si,7,14,0.576,1,126
Dy B4,Dy,B4,3,13,1,4,127
Al2 Th3,Al2,Th3,13,3,2,3,127
Ga5 V2,Ga5,V2,13,5,5,2,127
Lu B4,Lu,B4,3,13,1,4,127
Pt3 Ga,Pt3,Ga,10,13,3,1,127
Mo3 Si2,Mo3,Si2,6,14,3,2,127
In4 Ti3,In4,Ti3,13,4,4,3,127
Sc3 C4,Sc3,C4,3,14,3,4,128
Ba O,Ba,O,2,16,1,1,129
Nd Te1.8,Nd,Te1.8,3,16,1,1.8,129
Dy Se1.836,Dy,Se1.836,3,16,1,1.836,129
Er Se2,Er,Se2,3,16,1,2,129
Fe Te,Fe,Te,8,16,1,1,129
Bi2 Th,Bi2,Th,15,3,2,1,129
Hf Au,Hf,Au,4,11,1,1,129
Dy S2,Dy,S2,3,16,1,2,129
Hf Sb2,Hf,Sb2,4,15,1,2,129
Nd Se2,Nd,Se2,3,16,1,2,129
Tb S2,Tb,S2,3,16,1,2,129
Yb Te2,Yb,Te2,3,16,1,2,129
Fe Se0.984,Fe,Se0.984,8,16,1,0.984,129
Tl5 Se3,Tl5,Se3,13,16,5,3,130
Pu5 Rh3,Pu5,Rh3,3,9,5,3,130
La5 Ir3,La5,Ir3,3,9,5,3,130
Ho5 Ga3,Ho5,Ga3,3,13,5,3,130
Si O2,Si,O2,14,16,1,2,131
B50 Fe1.04,B50,Fe1.04,13,8,50,1.04,134
Co F2,Co,F2,9,17,1,2,136
Mn O2,Mn,O2,7,16,1,2,136
Pb O2,Pb,O2,14,16,1,2,136
Cr F4,Cr,F4,6,17,1,4,136
Sn0.912 O2,Sn0.912,O2,14,16,0.912,2,136
Co7 Cr8,Co7,Cr8,9,6,7,8,136
Fe Mo,Fe,Mo,8,6,1,1,136
Co4 In12,Co4,In12,9,13,4,12,136
Ta3 Al2,Ta3,Al2,5,13,3,2,136
Cr1.33 Ru0.67,Cr1.33,Ru0.67,6,8,1.33,0.67,136
Mo1.5 Ir0.5,Mo1.5,Ir0.5,6,9,1.5,0.5,136
Mo1.2 Os0.8,Mo1.2,Os0.8,6,8,1.2,0.8,136
Mo0.6 Tc1.4,Mo0.6,Tc1.4,6,7,0.6,1.4,136
V1.3 Ni0.7,V1.3,Ni0.7,5,10,1.3,0.7,136
Os W2,Os,W2,8,6,1,2,136
Tc1.4 W0.6,Tc1.4,W0.6,7,6,1.4,0.6,136
Cr2 Re3,Cr2,Re3,6,7,2,3,136
Mn0.481 Re0.519,Mn0.481,Re0.519,7,7,0.481,0.519,136
Ta1.500 Al,Ta1.500,Al,5,13,1.5,1,136
Co10.78 Cr19.22,Co10.78,Cr19.22,9,6,10.78,19.22,136
Nb4 O5,Nb4,O5,5,16,4,5,137
Tl Te,Tl,Te,13,16,1,1,137
Hf O2,Hf,O2,4,16,1,2,137
Dy Au6,Dy,Au6,3,11,1,6,138
Cu Ti2,Cu,Ti2,11,4,1,2,139
Er C2,Er,C2,3,14,1,2,139
Gd Mn12,Gd,Mn12,3,7,1,12,139
Bi2 O2.7,Bi2,O2.7,15,16,2,2.7,139
Bi2 O2.3,Bi2,O2.3,15,16,2,2.3,139
Lu C2,Lu,C2,3,14,1,2,139
Dy C2,Dy,C2,3,14,1,2,139
Nb4 N3,Nb4,N3,5,15,4,3,139
Zr D2,Zr,D2,4,1,1,2,139
Sr11 Sb10,Sr11,Sb10,2,15,11,10,139
Sr11 Bi10,Sr11,Bi10,2,15,11,10,139
Ag Zr2,Ag,Zr2,11,4,1,2,139
Ba In4,Ba,In4,2,13,1,4,139
Tl F,Tl,F,13,17,1,1,139
Ga3 Hf,Ga3,Hf,13,4,3,1,139
Ga10 Hf11,Ga10,Hf11,13,4,10,11,139
Nb Pd3,Nb,Pd3,5,10,1,3,139
Sc Zn12,Sc,Zn12,3,12,1,12,139
Al11 Ti5,Al11,Ti5,13,4,11,5,139
Sm C2,Sm,C2,3,14,1,2,139
Ag2 Zr,Ag2,Zr,11,4,2,1,139
Al2 Ru,Al2,Ru,13,8,2,1,139
Au Zr2,Au,Zr2,11,4,1,2,139
Ce2 Bi,Ce2,Bi,3,15,2,1,139
Ce11 Sn10,Ce11,Sn10,3,14,11,10,139
Tb11 Ge10,Tb11,Ge10,3,14,11,10,139
Zr In3,Zr,In3,4,13,1,3,139
Pd2 Zr,Pd2,Zr,10,4,2,1,139
Y11 Sn10,Y11,Sn10,3,14,11,10,139
In0.96 Mg0.04,In0.96,Mg0.04,13,2,0.96,0.04,139
Au0.5 Ta0.5,Au0.5,Ta0.5,11,5,0.5,0.5,139
Mn0.89 Pd2.89,Mn0.89,Pd2.89,7,10,0.89,2.89,139
Zr2 Cu,Zr2,Cu,4,11,2,1,139
In Pd3,In,Pd3,13,10,1,3,139
La11 Sn10,La11,Sn10,3,14,11,10,139
Ba Ge3,Ba,Ge3,2,14,1,3,139
Pu5 Ru3,Pu5,Ru3,3,8,5,3,140
Mn Sn2,Mn,Sn2,7,14,1,2,140
Ba Te2,Ba,Te2,2,16,1,2,140
Fe Ge2,Fe,Ge2,8,14,1,2,140
Ta5 Ge3,Ta5,Ge3,5,14,5,3,140
Cd2 K0.37,Cd2,K0.37,12,1,2,0.37,140
Ba5 Pb3,Ba5,Pb3,2,14,5,3,140
Pt Tl2,Pt,Tl2,10,13,1,2,140
Zn Th2,Zn,Th2,12,3,1,2,140
Ga5 Pd,Ga5,Pd,13,10,5,1,140
Rh2 Y3,Rh2,Y3,9,3,2,3,140
Ce5 Si3,Ce5,Si3,3,14,5,3,140
Ca5 Ga3,Ca5,Ga3,2,13,5,3,140
Tl3 Dy5,Tl3,Dy5,13,3,3,5,140
Lu3 Ga2,Lu3,Ga2,3,13,3,2,140
Tb3 Ga2,Tb3,Ga2,3,13,3,2,140
W5 Ge3,W5,Ge3,6,14,5,3,140
Ir2 Y3,Ir2,Y3,9,3,2,3,140
Rh2 Tb3,Rh2,Tb3,9,3,2,3,140
Sr5 Tl3,Sr5,Tl3,2,13,5,3,140
Ba4.81 Pb3,Ba4.81,Pb3,2,14,4.81,3,140
U Si2,U,Si2,3,14,1,2,141
Ba Ge2,Ba,Ge2,2,14,1,2,141
Ir B1.1,Ir,B1.1,9,13,1,1.1,141
V51.61 O64,V51.61,O64,5,16,51.61,64,141
Ce Si1.9,Ce,Si1.9,3,14,1,1.9,141
La D2.485,La,D2.485,3,1,1,2.485,141
Am Si2,Am,Si2,3,14,1,2,141
Nd D2.268,Nd,D2.268,3,1,1,2.268,141
Ga Zr,Ga,Zr,13,4,1,1,141
Ba Cd11,Ba,Cd11,2,12,1,11,141
Ce Ge1.66,Ce,Ge1.66,3,14,1,1.66,141
Gd Si2,Gd,Si2,3,14,1,2,141
Pr Ge1.75,Pr,Ge1.75,3,14,1,1.75,141
Pu Pb2,Pu,Pb2,3,14,1,2,141
In0.05 Sn0.95,In0.05,Sn0.95,13,14,0.05,0.95,141
Eu Bi2,Eu,Bi2,3,15,1,2,141
Al2 Ti,Al2,Ti,13,4,2,1,141
Li P7,Li,P7,1,15,1,7,142
Hg I2,Hg,I2,12,17,1,2,142
K8 Pb8,K8,Pb8,1,14,8,8,142
Rb Pb,Rb,Pb,1,14,1,1,142
C60 I3.83,C60,I3.83,14,17,60,3.83,147
In3 Au10,In3,Au10,13,11,3,10,147
Rh3 Te8,Rh3,Te8,9,16,3,8,148
W Cl6,W,Cl6,6,17,1,6,148
Zr6 I12,Zr6,I12,4,17,6,12,148
Fe O,Fe,O,8,16,1,1,148
Ni F3,Ni,F3,10,17,1,3,148
Pt4 Yb3,Pt4,Yb3,10,3,4,3,148
Ce3 Pt2,Ce3,Pt2,3,10,3,2,148
Gd3 Pt4,Gd3,Pt4,3,10,3,4,148
Mn44.1 Si8.9,Mn44.1,Si8.9,7,14,44.1,8.9,148
Pd4 Pu3,Pd4,Pu3,10,3,4,3,148
Sr3 Pt2,Sr3,Pt2,2,10,3,2,148
Ca3 Au4,Ca3,Au4,2,11,3,4,148
Nb0.77 N0.357,Nb0.77,N0.357,5,15,0.77,0.357,162
Zr Cl3,Zr,Cl3,4,17,1,3,162
Cr2 N0.91,Cr2,N0.91,6,15,2,0.91,162
Si2 Te3,Si2,Te3,14,16,2,3,163
Mg3 Sb2,Mg3,Sb2,2,15,3,2,164
Sb2 Te2,Sb2,Te2,15,16,2,2,164
V1.005 Se2,V1.005,Se2,5,16,1.005,2,164
Bi Te,Bi,Te,15,16,1,1,164
Pt S2,Pt,S2,10,16,1,2,164
V S2,V,S2,5,16,1,2,164
Eu Ge2,Eu,Ge2,3,14,1,2,164
Nb Se2,Nb,Se2,5,16,1,2,164
Nb3 Cl8,Nb3,Cl8,5,17,3,8,164
Yb I2,Yb,I2,3,17,1,2,164
Cd2 Gd,Cd2,Gd,12,3,2,1,164
Hg2 Nd,Hg2,Nd,12,3,2,1,164
Hf Se2,Hf,Se2,4,16,1,2,164
Ce Cd2,Ce,Cd2,3,12,1,2,164
Tb Cd2,Tb,Cd2,3,12,1,2,164
Ho Hg2,Ho,Hg2,3,12,1,2,164
Nb Te2,Nb,Te2,5,16,1,2,164
In3 Pd2,In3,Pd2,13,10,3,2,164
Ir Te2,Ir,Te2,9,16,1,2,164
U Pt3,U,Pt3,3,10,1,3,164
V1.1 S2,V1.1,S2,5,16,1.1,2,164
La F3,La,F3,3,17,1,3,165
Ni5 P2,Ni5,P2,10,15,5,2,165
Sm D3,Sm,D3,3,1,1,3,165
Pr F3,Pr,F3,3,17,1,3,165
Er H3,Er,H3,3,1,1,3,165
Sc Cl,Sc,Cl,3,17,1,1,166
Th3 N4,Th3,N4,3,15,3,4,166
Sb2 Te3,Sb2,Te3,15,16,2,3,166
Ni Br2,Ni,Br2,10,17,1,2,166
Sc2 Te3,Sc2,Te3,3,16,2,3,166
Zn Br2,Zn,Br2,12,17,1,2,166
B4 C,B4,C,13,14,4,1,166
Y Cl,Y,Cl,3,17,1,1,166
Zn B25.65,Zn,B25.65,12,13,1,25.65,166
Mn Br2,Mn,Br2,7,17,1,2,166
B6 O0.839,B6,O0.839,13,16,6,0.839,166
Ti8.2 S11,Ti8.2,S11,4,16,8.2,11,166
As Sb,As,Sb,15,15,1,1,166
Ho2 C,Ho2,C,3,14,2,1,166
Co O3,Co,O3,9,16,1,3,166
Be3 Nb,Be3,Nb,2,5,3,1,166
Co3 Ho,Co3,Ho,9,3,3,1,166
Fe6.8 Nb6.2,Fe6.8,Nb6.2,8,5,6.8,6.2,166
Gd2 Ni7,Gd2,Ni7,3,10,2,7,166
Lu2 Zn17,Lu2,Zn17,3,12,2,17,166
Yb2 Zn17,Yb2,Zn17,3,12,2,17,166
La2 Co7,La2,Co7,3,9,2,7,166
Nd2 Co17,Nd2,Co17,3,9,2,17,166
Er Al3,Er,Al3,3,13,1,3,166
Hf2 Be17,Hf2,Be17,4,2,2,17,166
Ce2 Co17,Ce2,Co17,3,9,2,17,166
Co3 Lu,Co3,Lu,9,3,3,1,166
Sm2 Co7,Sm2,Co7,3,9,2,7,166
Co3 Tm,Co3,Tm,9,3,3,1,166
Dy Ni3,Dy,Ni3,3,10,1,3,166
Pr2.33 Fe16.33,Pr2.33,Fe16.33,3,8,2.33,16.33,166
Fe7 Th2,Fe7,Th2,8,3,7,2,166
Ho2 Ni7,Ho2,Ni7,3,10,2,7,166
Mn6 Si7,Mn6,Si7,7,14,6,7,166
Ni7 Tb2,Ni7,Tb2,10,3,7,2,166
Tl S,Tl,S,13,16,1,1,166
Co7 Tm2,Co7,Tm2,9,3,7,2,166
Li2 O,Li2,O,1,16,2,1,166
Sb Sn,Sb,Sn,15,14,1,1,166
Ni O0.81,Ni,O0.81,10,16,1,0.81,166
Dy2 Fe17,Dy2,Fe17,3,8,2,17,166
Ce2 Zn17.45,Ce2,Zn17.45,3,12,2,17.45,166
Bi4 Ir,Bi4,Ir,15,9,4,1,166
Ti1.886 O3,Ti1.886,O3,4,16,1.886,3,167
Rh F3,Rh,F3,9,17,1,3,167
Cr F3,Cr,F3,6,17,1,3,167
Ti F3,Ti,F3,4,17,1,3,167
Yb8 In3,Yb8,In3,3,13,8,3,167
Rb8 In11,Rb8,In11,1,13,8,11,167
Zn3.09 Sb2.5,Zn3.09,Sb2.5,12,15,3.09,2.5,167
Au51 U14,Au51,U14,11,3,51,14,175
Pu14 Ag51,Pu14,Ag51,3,11,14,51,175
Pu14 Au51,Pu14,Au51,3,11,14,51,175
Eu14 Hg51,Eu14,Hg51,3,12,14,51,175
Ag51 Gd14,Ag51,Gd14,11,3,51,14,175
Y14 Ag51,Y14,Ag51,3,11,14,51,175
Ca14 Cd51,Ca14,Cd51,2,12,14,51,175
Y13.28 Cu50.16,Y13.28,Cu50.16,3,11,13.28,50.16,175
U7 Te12,U7,Te12,3,16,7,12,176
Cr12 P7,Cr12,P7,6,15,12,7,176
Tb Cl3,Tb,Cl3,3,17,1,3,176
U7 Se12,U7,Se12,3,16,7,12,176
Er4 Co3,Er4,Co3,3,9,4,3,176
Y4 Co3.11,Y4,Co3.11,3,9,4,3.11,176
Pr B3,Pr,B3,3,13,1,3,176
Zn2 Th,Zn2,Th,12,3,2,1,191
Yb Si2,Yb,Si2,3,14,1,2,191
Ti B2,Ti,B2,4,13,1,2,191
Mo B2,Mo,B2,6,13,1,2,191
Er B2,Er,B2,3,13,1,2,191
U Ge1.57,U,Ge1.57,3,14,1,1.57,191
Lu Ge1.5,Lu,Ge1.5,3,14,1,1.5,191
Ag5 Eu,Ag5,Eu,11,3,5,1,191
Ba Pt5,Ba,Pt5,2,10,1,5,191
Ca Ga2,Ca,Ga2,2,13,1,2,191
Ce Cu5,Ce,Cu5,3,11,1,5,191
Co5 Dy,Co5,Dy,9,3,5,1,191
Co5 Sm,Co5,Sm,9,3,5,1,191
Cu5 Sm,Cu5,Sm,11,3,5,1,191
Er Hg2,Er,Hg2,3,12,1,2,191
Eu Zn5,Eu,Zn5,3,12,1,5,191
Ga2 Nd,Ga2,Nd,13,3,2,1,191
Gd Zn5,Gd,Zn5,3,12,1,5,191
La Pd5,La,Pd5,3,10,1,5,191
Ni5 Sc,Ni5,Sc,10,3,5,1,191
Pu0.75 Zr2.25,Pu0.75,Zr2.25,3,4,0.75,2.25,191
Au5 K,Au5,K,11,1,5,1,191
Au2 U,Au2,U,11,3,2,1,191
Cu5 Eu,Cu5,Eu,11,3,5,1,191
Gd Ge2,Gd,Ge2,3,14,1,2,191
Cu5.25 Dy0.75,Cu5.25,Dy0.75,11,3,5.25,0.75,191
La0.983 Ni5.034,La0.983,Ni5.034,3,10,0.983,5.034,191
Nb0.848 B2,Nb0.848,B2,5,13,0.848,2,191
Nb B1.986,Nb,B1.986,5,13,1,1.986,191
Y0.82 Cu5.36,Y0.82,Cu5.36,3,11,0.82,5.36,191
Sm0.8 Co5.4,Sm0.8,Co5.4,3,9,0.8,5.4,191
Ca0.881 Ga2.356,Ca0.881,Ga2.356,2,13,0.881,2.356,191
Yb Ga2,Yb,Ga2,3,13,1,2,191
Si O2.267,Si,O2.267,14,16,1,2.267,192
Ti5 P3,Ti5,P3,4,15,5,3,193
U5 Ge4,U5,Ge4,3,14,5,4,193
Y5 Si3,Y5,Si3,3,14,5,3,193
Np5 Ge4,Np5,Ge4,3,14,5,4,193
U5 Ge3,U5,Ge3,3,14,5,3,193
Dy5 Sn3,Dy5,Sn3,3,14,5,3,193
Pb3 Sc5,Pb3,Sc5,14,3,3,5,193
K3 N,K3,N,1,15,3,1,193
Sm5 Sb3,Sm5,Sb3,3,15,5,3,193
Nd5 Bi3,Nd5,Bi3,3,15,5,3,193
Ce5 Sn3,Ce5,Sn3,3,14,5,3,193
Er5 Tl3,Er5,Tl3,3,13,5,3,193
V5 Ga3,V5,Ga3,5,13,5,3,193
Ge3 Mn5,Ge3,Mn5,14,7,3,5,193
Hf5 Sn4,Hf5,Sn4,4,14,5,4,193
Tb5 Ir3,Tb5,Ir3,3,9,5,3,193
Lu5 Rh3,Lu5,Rh3,3,9,5,3,193
Sm5 Pb3,Sm5,Pb3,3,14,5,3,193
Yb5 Pt3,Yb5,Pt3,3,10,5,3,193
Tb5 Sn3,Tb5,Sn3,3,14,5,3,193
Eu5 Sb3,Eu5,Sb3,3,15,5,3,193
W2 B3.72,W2,B3.72,6,13,2,3.72,193
Mo0.8 B3,Mo0.8,B3,6,13,0.8,3,194
Zr Po,Zr,Po,4,16,1,1,194
V Sb,V,Sb,5,15,1,1,194
Li2 O2,Li2,O2,1,16,2,2,194
Na3 As,Na3,As,1,15,3,1,194
Mo S2,Mo,S2,6,16,1,2,194
Mo0.82 N,Mo0.82,N,6,15,0.82,1,194
W4.6 N4,W4.6,N4,6,15,4.6,4,194
K2 Te2,K2,Te2,1,16,2,2,194
Rh5 B4,Rh5,B4,9,13,5,4,194
Pd Sb,Pd,Sb,10,15,1,1,194
W0.6 N,W0.6,N,6,15,0.6,1,194
Gd H3,Gd,H3,3,1,1,3,194
Mn1.09 Sb,Mn1.09,Sb,7,15,1.09,1,194
Co D0.18,Co,D0.18,9,1,1,0.18,194
V S,V,S,5,16,1,1,194
Co1.7 Ge,Co1.7,Ge,9,14,1.7,1,194
Ni3.33 Ge2,Ni3.33,Ge2,10,14,3.33,2,194
Al5 Rh2,Al5,Rh2,13,9,5,2,194
Ag0.03 Mg0.97,Ag0.03,Mg0.97,11,2,0.03,0.97,194
Ba Tl2,Ba,Tl2,2,13,1,2,194
Bi Ni,Bi,Ni,15,10,1,1,194
Cd3 Gd,Cd3,Gd,12,3,3,1,194
Cd3 Sc,Cd3,Sc,12,3,3,1,194
Ce Sm,Ce,Sm,3,3,1,1,194
Co2.9 Sn2,Co2.9,Sn2,9,14,2.9,2,194
Dy Mg2,Dy,Mg2,3,2,1,2,194
Eu Mg4,Eu,Mg4,3,2,1,4,194
Fe17 Tm2,Fe17,Tm2,8,3,17,2,194
Gd0.93 Pr1.07,Gd0.93,Pr1.07,3,3,0.93,1.07,194
Hg0.75 Th0.25,Hg0.75,Th0.25,12,3,0.75,0.25,194
La2 Mg17,La2,Mg17,3,2,2,17,194
Mg2 Y,Mg2,Y,2,3,2,1,194
Na13 Pb5,Na13,Pb5,1,14,13,5,194
Ni17 Tm2,Ni17,Tm2,10,3,17,2,194
Pu13 Zn58,Pu13,Zn58,3,12,13,58,194
Sr Tl2,Sr,Tl2,2,13,1,2,194
Mn N0.421,Mn,N0.421,7,15,1,0.421,194
Cr2 Ta,Cr2,Ta,6,5,2,1,194
W Fe2,W,Fe2,6,8,1,2,194
Fe17 Ho2,Fe17,Ho2,8,3,17,2,194
Mn3 Ga,Mn3,Ga,7,13,3,1,194
Al17 Dy2,Al17,Dy2,13,3,17,2,194
Sm Al3,Sm,Al3,3,13,1,3,194
W B2,W,B2,6,13,1,2,194
Bk H3,Bk,H3,3,1,1,3,194
Th Cd5,Th,Cd5,3,12,1,5,194
Co17 Gd2,Co17,Gd2,9,3,17,2,194
Pr2 Co7,Pr2,Co7,3,9,2,7,194
Ti Co2,Ti,Co2,4,9,1,2,194
Ti Cr2,Ti,Cr2,4,6,1,2,194
Dy Ho,Dy,Ho,3,3,1,1,194
Er1 H0.3,Er1,H0.3,3,1,1,0.3,194
Eu Fe2,Eu,Fe2,3,8,1,2,194
Hf Fe2,Hf,Fe2,4,8,1,2,194
Fe2 Tb,Fe2,Tb,8,3,2,1,194
Tb Ga3,Tb,Ga3,3,13,1,3,194
Gd Ru2,Gd,Ru2,3,8,1,2,194
Re H0.25,Re,H0.25,7,1,1,0.25,194
Hf Tc2,Hf,Tc2,4,7,1,2,194
Hg3 Tm,Hg3,Tm,12,3,3,1,194
Ho Zn5,Ho,Zn5,3,12,1,5,194
In Tb2,In,Tb2,13,3,1,2,194
Lu Mg2,Lu,Mg2,3,2,1,2,194
Mg2 Sr,Mg2,Sr,2,2,2,1,194
Mn2 Th,Mn2,Th,7,3,2,1,194
Ti N0.17,Ti,N0.17,4,15,1,0.17,194
Pr2 Ni7,Pr2,Ni7,3,10,2,7,194
Y2 Ni7,Y2,Ni7,3,10,2,7,194
Os2 Pu,Os2,Pu,8,3,2,1,194
Pd3 Ti,Pd3,Ti,10,4,3,1,194
Re2 Sm,Re2,Sm,7,3,2,1,194
Rh Tc,Rh,Tc,9,7,1,1,194
Sc Tc2,Sc,Tc2,3,7,1,2,194
Tb13 Zn58,Tb13,Zn58,3,12,13,58,194
Tm2 Zn17,Tm2,Zn17,3,12,2,17,194
Fe17 Lu2,Fe17,Lu2,8,3,17,2,194
In0.4 Pt0.6,In0.4,Pt0.6,13,10,0.4,0.6,194
Ag0.75 Si0.25,Ag0.75,Si0.25,11,14,0.75,0.25,194
Cd0.75 Hg0.25,Cd0.75,Hg0.25,12,12,0.75,0.25,194
Gd3 La,Gd3,La,3,3,3,1,194
Ni Pb,Ni,Pb,10,14,1,1,194
Th0.2 Zr0.8,Th0.2,Zr0.8,3,4,0.2,0.8,194
Bi Pd,Bi,Pd,15,10,1,1,194
Sm Os2,Sm,Os2,3,8,1,2,194
Dy1.85 Fe17.3,Dy1.85,Fe17.3,3,8,1.85,17.3,194
Re0.75 Rh0.25,Re0.75,Rh0.25,7,9,0.75,0.25,194
Mn1.7 Sb,Mn1.7,Sb,7,15,1.7,1,194
Fe0.990 S,Fe0.990,S,8,16,0.99,1,194
Au1.7 Sn0.3,Au1.7,Sn0.3,11,14,1.7,0.3,194
Tm1.77 Fe17.27,Tm1.77,Fe17.27,3,8,1.77,17.27,194
Al2 U,Al2,U,13,3,2,1,194
Tm0.83 Mg2.17,Tm0.83,Mg2.17,3,2,0.83,2.17,194
Li B,Li,B,1,13,1,1,194
Mo1.7 N2,Mo1.7,N2,6,15,1.7,2,194
Fe6 Sc29,Fe6,Sc29,8,3,6,29,200
Sc57 Pt13,Sc57,Pt13,3,10,57,13,200
Ca C2,Ca,C2,2,14,1,2,201
Na9.28 C60,Na9.28,C60,1,14,9.28,60,202
Ir Sb3,Ir,Sb3,9,15,1,3,204
Cs6 C60,Cs6,C60,1,14,6,60,204
Al12 W,Al12,W,13,6,12,1,204
Ce Cd6,Ce,Cd6,3,12,1,6,204
Sr Cd6,Sr,Cd6,2,12,1,6,204
Eu3 Cd19,Eu3,Cd19,3,12,3,19,204
Ir P3,Ir,P3,9,15,1,3,204
C O2,C,O2,14,16,1,2,205
Pd As2,Pd,As2,10,15,1,2,205
Pt As2,Pt,As2,10,15,1,2,205
H Br,H,Br,1,17,1,1,205
Rh0.9 Se2,Rh0.9,Se2,9,16,0.9,2,205
Th C2,Th,C2,3,14,1,2,205
Cu Te2,Cu,Te2,11,16,1,2,205
Fe0.987 S2,Fe0.987,S2,8,16,0.987,2,205
Pt O2,Pt,O2,10,16,1,2,205
Ho2 O3,Ho2,O3,3,16,2,3,206
Sm2 O3,Sm2,O3,3,16,2,3,206
Zn3 As2,Zn3,As2,12,15,3,2,206
Lu2 N3,Lu2,N3,3,15,2,3,206
Pu2 O3,Pu2,O3,3,16,2,3,206
Cs Br,Cs,Br,1,17,1,1,221
Pd17 Se15,Pd17,Se15,10,16,17,15,221
Cs I,Cs,I,1,17,1,1,221
Ta O1.7,Ta,O1.7,5,16,1,1.7,221
Ce B6,Ce,B6,3,13,1,6,221
Fe0.988 Ti,Fe0.988,Ti,8,4,0.988,1,221
Na Cl,Na,Cl,1,17,1,1,221
In Te,In,Te,13,16,1,1,221
Au3 Cu,Au3,Cu,11,11,3,1,221
Sn Te,Sn,Te,14,16,1,1,221
Eu Te,Eu,Te,3,16,1,1,221
Al Ir,Al,Ir,13,9,1,1,221
Al3 Pr,Al3,Pr,13,3,3,1,221
Ti Fe,Ti,Fe,4,8,1,1,221
Al3 Yb,Al3,Yb,13,3,3,1,221
Ag3 Mg,Ag3,Mg,11,2,3,1,221
Ag Zn,Ag,Zn,11,12,1,1,221
Au Nd,Au,Nd,11,3,1,1,221
Au Zn,Au,Zn,11,12,1,1,221
Bi3 Sr,Bi3,Sr,15,2,3,1,221
Ca Tl,Ca,Tl,2,13,1,1,221
Cd Nd,Cd,Nd,12,3,1,1,221
Ce3 Ga,Ce3,Ga,3,13,3,1,221
Ce Tl3,Ce,Tl3,3,13,1,3,221
Co3 Ti,Co3,Ti,9,4,3,1,221
Cu Tm,Cu,Tm,11,3,1,1,221
Er In3,Er,In3,3,13,1,3,221
Er Zn,Er,Zn,3,12,1,1,221
Eu Pb3,Eu,Pb3,3,14,1,3,221
Ga3 Lu,Ga3,Lu,13,3,3,1,221
Ga1.08 Pt2.92,Ga1.08,Pt2.92,13,10,1.08,2.92,221
Gd In,Gd,In,3,13,1,1,221
Gd Zn,Gd,Zn,3,12,1,1,221
Hg La,Hg,La,12,3,1,1,221
Hg Tl,Hg,Tl,12,13,1,1,221
Ho Pd,Ho,Pd,3,10,1,1,221
Ir3 Nd,Ir3,Nd,9,3,3,1,221
Ir3 Zr,Ir3,Zr,9,4,3,1,221
Li Pb,Li,Pb,1,14,1,1,221
Lu Zn,Lu,Zn,3,12,1,1,221
Mn Ni,Mn,Ni,7,10,1,1,221
Nb Rh3,Nb,Rh3,5,9,1,3,221
Nd Zn,Nd,Zn,3,12,1,1,221
Pa Rh3,Pa,Rh3,3,9,1,3,221
Pb3 Yb,Pb3,Yb,14,3,3,1,221
Pd Tm,Pd,Tm,10,3,1,1,221
Pt Ti,Pt,Ti,10,4,1,1,221
Pu Sn3,Pu,Sn3,3,14,1,3,221
Rh3 U,Rh3,U,9,3,3,1,221
Sm Tl,Sm,Tl,3,13,1,1,221
Tb Tl,Tb,Tl,3,13,1,1,221
Tl3 Y,Tl3,Y,13,3,3,1,221
K B5.67,K,B5.67,1,13,1,5.67,221
Al Fe,Al,Fe,13,8,1,1,221
In3 U,In3,U,13,3,3,1,221
Er B6,Er,B6,3,13,1,6,221
Ce Cd11,Ce,Cd11,3,12,1,11,221
Fe Rh,Fe,Rh,8,9,1,1,221
In Pr3,In,Pr3,13,3,1,3,221
In3 Tm,In3,Tm,13,3,3,1,221
Pr Zn,Pr,Zn,3,12,1,1,221
In Ni,In,Ni,13,10,1,1,221
Au0.3 Te0.7,Au0.3,Te0.7,11,16,0.3,0.7,221
In0.4 Sb0.6,In0.4,Sb0.6,13,15,0.4,0.6,221
Ru Yb,Ru,Yb,8,3,1,1,221
Dy Ag,Dy,Ag,3,11,1,1,221
Rb Au,Rb,Au,1,11,1,1,221
Y Cu,Y,Cu,3,11,1,1,221
U Rh3,U,Rh3,3,9,1,3,221
La3 In,La3,In,3,13,3,1,221
Mg Ni3,Mg,Ni3,2,10,1,3,221
K7.4 Ge45,K7.4,Ge45,1,14,7.4,45,223
Ti3 Sb,Ti3,Sb,4,15,3,1,223
K7.52 Ge44.05,K7.52,Ge44.05,1,14,7.52,44.05,223
Cs8 Sn44.24,Cs8,Sn44.24,1,14,8,44.24,223
Bi Nb3,Bi,Nb3,15,5,1,3,223
Ga Mo3,Ga,Mo3,13,6,1,3,223
Mo3 Os,Mo3,Os,6,8,3,1,223
Ni0.9 V3.1,Ni0.9,V3.1,10,5,0.9,3.1,223
Sn V3,Sn,V3,14,5,1,3,223
Cs4 Sn23,Cs4,Sn23,1,14,4,23,223
K6.95 Si46,K6.95,Si46,1,14,6.95,46,223
Cs6.9 Si46,Cs6.9,Si46,1,14,6.9,46,223
Pb2 O,Pb2,O,14,16,2,1,224
Ag2 O3,Ag2,O3,11,16,2,3,224
Ag2 O,Ag2,O,11,16,2,1,224
Li3 Tl,Li3,Tl,1,13,3,1,225
Rb Br,Rb,Br,1,17,1,1,225
Y Po,Y,Po,3,16,1,1,225
Sm C0.40,Sm,C0.40,3,14,1,0.4,225
Li H0.984,Li,H0.984,1,1,1,0.984,225
Pa O,Pa,O,3,16,1,1,225
Zr N,Zr,N,4,15,1,1,225
Sm Se,Sm,Se,3,16,1,1,225
Cd F2,Cd,F2,12,17,1,2,225
Al2 O,Al2,O,13,16,2,1,225
Nd S,Nd,S,3,16,1,1,225
Fe0.974 O,Fe0.974,O,8,16,0.974,1,225
Cu I,Cu,I,11,17,1,1,225
Pu N,Pu,N,3,15,1,1,225
Fe N0.0589,Fe,N0.0589,8,15,1,0.0589,225
Ra F2,Ra,F2,2,17,1,2,225
Pb S,Pb,S,14,16,1,1,225
K2 O,K2,O,1,16,2,1,225
Tl Cl,Tl,Cl,13,17,1,1,225
Th N,Th,N,3,15,1,1,225
Cu O,Cu,O,11,16,1,1,225
Th O2.016,Th,O2.016,3,16,1,2.016,225
Fe0.95 O,Fe0.95,O,8,16,0.95,1,225
Yb0.962 S0.9954,Yb0.962,S0.9954,3,16,0.962,0.9954,225
Na1.976 S,Na1.976,S,1,16,1.976,1,225
Tb H2.25,Tb,H2.25,3,1,1,2.25,225
Nb C0.84,Nb,C0.84,5,14,1,0.84,225
Ho Se,Ho,Se,3,16,1,1,225
Y Te,Y,Te,3,16,1,1,225
Yb Sb,Yb,Sb,3,15,1,1,225
Cm As,Cm,As,3,15,1,1,225
U As,U,As,3,15,1,1,225
Np P,Np,P,3,15,1,1,225
Gd H2,Gd,H2,3,1,1,2,225
Co9 Se8,Co9,Se8,9,16,9,8,225
Sc Se,Sc,Se,3,16,1,1,225
Mn Te,Mn,Te,7,16,1,1,225
Cu5 Ge2,Cu5,Ge2,11,14,5,2,225
Cs H,Cs,H,1,1,1,1,225
Nd D2.61,Nd,D2.61,3,1,1,2.61,225
Ce Sb,Ce,Sb,3,15,1,1,225
Bk P,Bk,P,3,15,1,1,225
Ce O,Ce,O,3,16,1,1,225
Np C,Np,C,3,14,1,1,225
U O2,U,O2,3,16,1,2,225
Pu Se,Pu,Se,3,16,1,1,225
Er S,Er,S,3,16,1,1,225
Cs F,Cs,F,1,17,1,1,225
Pd D0.93,Pd,D0.93,10,1,1,0.93,225
Y H2,Y,H2,3,1,1,2,225
Al2 Pt,Al2,Pt,13,10,2,1,225
Ag0.81 In0.19,Ag0.81,In0.19,11,13,0.81,0.19,225
Au0.9 In0.1,Au0.9,In0.1,11,13,0.9,0.1,225
Bi Dy,Bi,Dy,15,3,1,1,225
Bi Sc,Bi,Sc,15,3,1,1,225
Ca3 Tl,Ca3,Tl,2,13,3,1,225
Ce Mg3,Ce,Mg3,3,2,1,3,225
Er Te,Er,Te,3,16,1,1,225
Pr O,Pr,O,3,16,1,1,225
Eu Po,Eu,Po,3,16,1,1,225
Gd S,Gd,S,3,16,1,1,225
Li3 Pb,Li3,Pb,1,14,3,1,225
Mn Pd3,Mn,Pd3,7,10,1,3,225
Mn22 Y6,Mn22,Y6,7,3,22,6,225
Po Sm,Po,Sm,16,3,1,1,225
Dy S,Dy,S,3,16,1,1,225
Al Fe3,Al,Fe3,13,8,1,3,225
Yb B12,Yb,B12,3,13,1,12,225
Dy B12,Dy,B12,3,13,1,12,225
Ba6 Mg23,Ba6,Mg23,2,2,6,23,225
Th C0.175,Th,C0.175,3,14,1,0.175,225
Co3 V,Co3,V,9,5,3,1,225
Cu3 Zn,Cu3,Zn,11,12,3,1,225
Lu6 Fe23,Lu6,Fe23,3,8,6,23,225
Gd6 Zn23,Gd6,Zn23,3,12,6,23,225
Ir2 P,Ir2,P,9,15,2,1,225
Sm Mg3,Sm,Mg3,3,2,1,3,225
Pa N,Pa,N,3,15,1,1,225
Zr11 Os4,Zr11,Os4,4,8,11,4,225
Sc11 Ru4,Sc11,Ru4,3,8,11,4,225
Ca5 C60,Ca5,C60,2,14,5,60,225
In0.15 Pt0.85,In0.15,Pt0.85,13,10,0.15,0.85,225
Ag0.65 Hg0.35,Ag0.65,Hg0.35,11,12,0.65,0.35,225
Al0.1 Pt0.9,Al0.1,Pt0.9,13,10,0.1,0.9,225
Am0.027 La0.973,Am0.027,La0.973,3,3,0.027,0.973,225
Au0.973 Ge0.027,Au0.973,Ge0.027,11,14,0.973,0.027,225
Ba0.22 Sr0.78,Ba0.22,Sr0.78,2,2,0.22,0.78,225
Ce3 Sc,Ce3,Sc,3,3,3,1,225
Cu0.995 Eu0.005,Cu0.995,Eu0.005,11,3,0.995,0.005,225
Ga0.15 Pd0.85,Ga0.15,Pd0.85,13,10,0.15,0.85,225
Ni0.85 Sn0.15,Ni0.85,Sn0.15,10,14,0.85,0.15,225
Pd0.6 W0.4,Pd0.6,W0.4,10,6,0.6,0.4,225
U O2.06,U,O2.06,3,16,1,2.06,225
Cu1.83 Se,Cu1.83,Se,11,16,1.83,1,225
Pb0.45 Te0.55,Pb0.45,Te0.55,14,16,0.45,0.55,225
Na3 N,Na3,N,1,15,3,1,225
U1.76 O4.8,U1.76,O4.8,3,16,1.76,4.8,225
Co Pt3,Co,Pt3,9,10,1,3,225
Nb N0.88,Nb,N0.88,5,15,1,0.88,225
Ba Be13,Ba,Be13,2,2,1,13,226
Eu Zn13,Eu,Zn13,3,12,1,13,226
Ho B66,Ho,B66,3,13,1,66,226
Be13 Ce,Be13,Ce,2,3,13,1,226
Be13 Sc,Be13,Sc,2,3,13,1,226
Yb Zn13,Yb,Zn13,3,12,1,13,226
Y B62,Y,B62,3,13,1,62,226
Al21.33 S32,Al21.33,S32,13,16,21.33,32,227
Ni3 S4,Ni3,S4,10,16,3,4,227
Y0.75 Se,Y0.75,Se,3,16,0.75,1,227
Fe2.946 O4,Fe2.946,O4,8,16,2.946,4,227
Fe2.950 O4,Fe2.950,O4,8,16,2.95,4,227
Na3 Si136,Na3,Si136,1,14,3,136,227
Na16.072 Si134.816,Na16.072,Si134.816,1,14,16.072,134.816,227
Y S2,Y,S2,3,16,1,2,227
Al2 La,Al2,La,13,3,2,1,227
Zr Co2,Zr,Co2,4,9,1,2,227
Am Ir2,Am,Ir2,3,9,1,2,227
Be2 Ta,Be2,Ta,2,5,2,1,227
Cd1.83 Na1.17,Cd1.83,Na1.17,12,1,1.83,1.17,227
Co2 Dy,Co2,Dy,9,3,2,1,227
Co2 Np,Co2,Np,9,3,2,1,227
Co2 Y,Co2,Y,9,3,2,1,227
Er Pt2,Er,Pt2,3,10,1,2,227
Fe2 Pu,Fe2,Pu,8,3,2,1,227
Gd Pt2,Gd,Pt2,3,10,1,2,227
Ho Rh2,Ho,Rh2,3,9,1,2,227
Ir2 Tm,Ir2,Tm,9,3,2,1,227
Li Zn,Li,Zn,1,12,1,1,227
Mn2 U,Mn2,U,7,3,2,1,227
Ni2 Sm,Ni2,Sm,10,3,2,1,227
Pt2 Pu,Pt2,Pu,10,3,2,1,227
Rh2 Tb,Rh2,Tb,9,3,2,1,227
Zn22 Zr,Zn22,Zr,12,4,22,1,227
Na0.852 Tl,Na0.852,Tl,1,13,0.852,1,227
Cu2 Mg,Cu2,Mg,11,2,2,1,227
Be22 Tc,Be22,Tc,2,7,22,1,227
Er Ni2,Er,Ni2,3,10,1,2,227
Li Ga,Li,Ga,1,13,1,1,227
Hf2 Rh,Hf2,Rh,4,9,2,1,227
Mg2 Sn,Mg2,Sn,2,14,2,1,227
Pd2 Tb4.86,Pd2,Tb4.86,10,3,2,4.86,227
Zr3 S4,Zr3,S4,4,16,3,4,227
Co2.77 O4,Co2.77,O4,9,16,2.77,4,227
Mg In2,Mg,In2,2,13,1,2,227
Ba Rh2,Ba,Rh2,2,9,1,2,227
Sb6 O13,Sb6,O13,15,16,6,13,227
Y Ni2,Y,Ni2,3,10,1,2,227
Ti2 Co0.97,Ti2,Co0.97,4,9,2,0.97,227
Tb Al2,Tb,Al2,3,13,1,2,227
Ca Al2,Ca,Al2,2,13,1,2,227
Na20.48 Si136,Na20.48,Si136,1,14,20.48,136,227
Na1.00 Si17,Na1.00,Si17,1,14,1,17,227
Eu Al2,Eu,Al2,3,13,1,2,227
Na7.5 Si34,Na7.5,Si34,1,14,7.5,34,227
Nb6 F15,Nb6,F15,5,17,6,15,229
Ta H0.1,Ta,H0.1,5,1,1,0.1,229
Au0.3 Nb0.7,Au0.3,Nb0.7,11,5,0.3,0.7,229
Dy0.75 Mg0.25,Dy0.75,Mg0.25,3,2,0.75,0.25,229
Nb Zr,Nb,Zr,5,4,1,1,229
Cr V,Cr,V,6,5,1,1,229
Pt Hg4,Pt,Hg4,10,12,1,4,229
Ta N0.075,Ta,N0.075,5,15,1,0.075,229
Ta V,Ta,V,5,5,1,1,229
In0.25 Tl0.75,In0.25,Tl0.75,13,13,0.25,0.75,229
Cr0.91 Si0.09,Cr0.91,Si0.09,6,14,0.91,0.09,229
Mo0.85 Os0.15,Mo0.85,Os0.15,6,8,0.85,0.15,229
Pd0.046 W0.954,Pd0.046,W0.954,10,6,0.046,0.954,229
Fe Zn,Fe,Zn,8,12,1,1,229
Bi4 Rh,Bi4,Rh,15,9,4,1,230
Nb2 O5,Nb2,Nb,5,16,2,5,10
Zr I4,Zr,Zr,4,17,1,4,13
