Table No.,ICSD No.,Space Group,Struct.formula,,å≥ëf1,å≥ëf1êî,ë∞1,é¸ä˙1,,å≥ëf2,å≥ëf2êî,ë∞2,é¸ä˙2,èªån,
17,43242,P 2 2 21,Ag2 Se,Ag2,Ag,2,11,5,Se,Se,1,16,4,Orthorhombic,
17,58806,P 2 2 21,Bi Mn,Bi,Bi,1,15,6,Mn,Mn,1,7,4,Orthorhombic,
17,653907,P 2 2 21,Bi0.76 Mn0.876,Bi0.76,Bi,0.76,15,6,Mn0.876,Mn,0.876,7,4,Orthorhombic,
17,655963,P 2 2 21,Nd Si2,Nd,Nd,1,3,6,Si2,Si,2,14,3,Orthorhombic,
17,54376,P 2 2 21,Nd Si1.817,Nd,Nd,1,3,6,Si1.817,Si,1.817,14,3,Orthorhombic,
18,26765,P 21 21 2,Ba S3,Ba,Ba,1,2,6,S3,S,3,16,3,Orthorhombic,
18,90788,P 21 2 21,Pd7 Se4,Pd7,Pd,7,10,5,Se4,Se,4,16,4,Orthorhombic,
19,262634,P 21 21 21,Ag2 S,Ag2,Ag,2,11,5,S,S,1,16,3,Orthorhombic,
19,15213,P 21 21 21,Ag2 Se,Ag2,Ag,2,11,5,Se,Se,1,16,4,Orthorhombic,
19,61020,P 21 21 21,Al0.87 B12,Al0.87,Al,0.87,13,3,B12,B,12,13,2,Orthorhombic,
19,38057,P 21 21 21,Al6.3 B88,Al6.3,Al,6.3,13,3,B88,B,88,13,2,Orthorhombic,
19,24579,P 21 21 21,As Br3,As,As,1,15,4,Br3,Br,3,17,4,Orthorhombic,
19,35133,P 21 21 21,As Cl3,As,As,1,15,4,Cl3,Cl,3,17,3,Orthorhombic,
19,987,P 21 21 21,As2 O5,As2,As,2,15,4,O5,O,5,16,2,Orthorhombic,
19,26562,P 21 21 21,B14 H20,B14,B,14,13,2,H20,H,20,1,1,Orthorhombic,
19,43258,P 21 21 21,B8 Cl8,B8,B,8,13,2,Cl8,Cl,8,17,3,Orthorhombic,
19,188892,P 21 21 21,C O2,C,C,1,14,2,O2,O,2,16,2,Orthorhombic,
19,56909,P 21 21 21,C20 H36,C20,C,20,14,2,H36,H,36,1,1,Orthorhombic,
19,192246,P 21 21 21,Co Y3,Co,Co,1,9,4,Y3,Y,3,3,5,Orthorhombic,
19,14031,P 21 21 21,Cs Sb,Cs,Cs,1,1,6,Sb,Sb,1,15,5,Orthorhombic,
19,201073,P 21 21 21,Cs2 S5,Cs2,Cs,2,1,6,S5,S,5,16,3,Orthorhombic,
19,60087,P 21 21 21,Cs2 Se5,Cs2,Cs,2,1,6,Se5,Se,5,16,4,Orthorhombic,
19,155543,P 21 21 21,D2 O,D2,D,2,1,1,O,O,1,16,2,Orthorhombic,
19,173481,P 21 21 21,Ge D4,Ge,Ge,1,14,4,D4,D,4,1,1,Orthorhombic,
19,18030,P 21 21 21,Ge F2,Ge,Ge,1,14,4,F2,F,2,17,2,Orthorhombic,
19,79668,P 21 21 21,In2 Br3,In2,In,2,13,5,Br3,Br,3,17,4,Orthorhombic,
19,412593,P 21 21 21,K As,K,K,1,1,4,As,As,1,15,4,Orthorhombic,
19,14010,P 21 21 21,K P,K,K,1,1,4,P,P,1,15,3,Orthorhombic,
19,44675,P 21 21 21,K2 S5,K2,K,2,1,4,S5,S,5,16,3,Orthorhombic,
19,72380,P 21 21 21,K2 Se5,K2,K,2,1,4,Se5,Se,5,16,4,Orthorhombic,
19,60774,P 21 21 21,Li3 P7,Li3,Li,3,1,2,P7,P,7,15,3,Orthorhombic,
19,187196,P 21 21 21,Mn Ge,Mn,Mn,1,7,4,Ge,Ge,1,14,4,Orthorhombic,
19,105044,P 21 21 21,Mo Ni,Mo,Mo,1,6,5,Ni,Ni,1,10,4,Orthorhombic,
19,644016,P 21 21 21,Mo28 Ni28,Mo28,Mo,28,6,5,Ni28,Ni,28,10,4,Orthorhombic,
19,83234,P 21 21 21,N D3,N,N,1,15,2,D3,D,3,1,1,Orthorhombic,
19,80890,P 21 21 21,N2 O3,N2,N,2,15,2,O3,O,3,16,2,Orthorhombic,
19,610971,P 21 21 21,Na As,Na,Na,1,1,3,As,As,1,15,4,Orthorhombic,
19,14009,P 21 21 21,Na P,Na,Na,1,1,3,P,P,1,15,3,Orthorhombic,
19,412594,P 21 21 21,Rb As,Rb,Rb,1,1,5,As,As,1,15,4,Orthorhombic,
19,14030,P 21 21 21,Rb Sb,Rb,Rb,1,1,5,Sb,Sb,1,15,5,Orthorhombic,
19,97396,P 21 21 21,Rb12 Sn17,Rb12,Rb,12,1,5,Sn17,Sn,17,14,5,Orthorhombic,
19,100321,P 21 21 21,Rb2 S5,Rb2,Rb,2,1,5,S5,S,5,16,3,Orthorhombic,
19,100322,P 21 21 21,Rb2 Se5,Rb2,Rb,2,1,5,Se5,Se,5,16,4,Orthorhombic,
19,15217,P 21 21 21,Re2 O7,Re2,Re,2,7,6,O7,O,7,16,2,Orthorhombic,
19,38351,P 21 21 21,S Cl2,S,S,1,16,3,Cl2,Cl,2,17,3,Orthorhombic,
19,425996,P 21 21 21,S F4,S,S,1,16,3,F4,F,4,17,2,Orthorhombic,
19,14217,P 21 21 21,Sb Br3,Sb,Sb,1,15,5,Br3,Br,3,17,4,Orthorhombic,
19,414463,P 21 21 21,Sb2 O3,Sb2,Sb,2,15,5,O3,O,3,16,2,Orthorhombic,
19,85451,P 21 21 21,Se F4,Se,Se,1,16,4,F4,F,4,17,2,Orthorhombic,
19,61135,P 21 21 21,Se5.1 S1.9,Se5.1,Se,5.1,16,4,S1.9,S,1.9,16,3,Orthorhombic,
19,85526,P 21 21 21,Si Cl2,Si,Si,1,14,3,Cl2,Cl,2,17,3,Orthorhombic,
19,100199,P 21 21 21,Si O2,Si,Si,1,14,3,O2,O,2,16,2,Orthorhombic,
19,14194,P 21 21 21,Sn F2,Sn,Sn,1,14,5,F2,F,2,17,2,Orthorhombic,
19,412293,P 21 21 21,Ta97 Te60,Ta97,Ta,97,5,6,Te60,Te,60,16,5,Orthorhombic,
19,245162,P 21 21 21,Tb13 Zn59,Tb13,Tb,13,3,6,Zn59,Zn,59,12,4,Orthorhombic,
19,9869,P 21 21 21,Te F4,Te,Te,1,16,5,F4,F,4,17,2,Orthorhombic,
19,34423,P 21 21 21,Te O2,Te,Te,1,16,5,O2,O,2,16,2,Orthorhombic,
19,63583,P 21 21 21,Th P7,Th,Th,1,3,7,P7,P,7,15,3,Orthorhombic,
19,1911,P 21 21 21,Tl2 S5,Tl2,Tl,2,13,6,S5,S,5,16,3,Orthorhombic,
19,14366,P 21 21 21,U O3,U,U,1,3,7,O3,O,3,16,2,Orthorhombic,
19,26627,P 21 21 21,Xe O3,Xe,Xe,1,18,5,O3,O,3,16,2,Orthorhombic,
20,2442,C 2 2 21,Fe P4,Fe,Fe,1,8,4,P4,P,4,15,3,Orthorhombic,
20,31683,C 2 2 21,H2 O,H2,H,2,1,1,O,O,1,16,2,Orthorhombic,
20,88125,C 2 2 21,Ho14 Ge23,Ho14,Ho,14,3,6,Ge23,Ge,23,14,4,Orthorhombic,
20,106857,C 2 2 21,In Na2,In,In,1,13,5,Na2,Na,2,1,3,Orthorhombic,
20,60196,C 2 2 21,Mn2 N0.86,Mn2,Mn,2,7,4,N0.86,N,0.86,15,2,Orthorhombic,
20,105171,C 2 2 21,Na2 Tl,Na2,Na,2,1,3,Tl,Tl,1,13,6,Orthorhombic,
20,73093,C 2 2 21,Nb Se2,Nb,Nb,1,5,5,Se2,Se,2,16,4,Orthorhombic,
20,88224,C 2 2 21,Nd4 Ge7,Nd4,Nd,4,3,6,Ge7,Ge,7,14,4,Orthorhombic,
20,261025,C 2 2 21,Pr4 Ge7,Pr4,Pr,4,3,6,Ge7,Ge,7,14,4,Orthorhombic,
20,15321,C 2 2 21,Si O2,Si,Si,1,14,3,O2,O,2,16,2,Orthorhombic,
20,237695,C 2 2 21,Sm4 Ge7,Sm4,Sm,4,3,6,Ge7,Ge,7,14,4,Orthorhombic,
20,68597,C 2 2 21,Tb Si1.75,Tb,Tb,1,3,6,Si1.75,Si,1.75,14,3,Orthorhombic,
20,77832,C 2 2 21,V S2,V,V,1,5,4,S2,S,2,16,3,Orthorhombic,
21,188474,C 2 2 2,Cr2 B,Cr2,Cr,2,6,4,B,B,1,13,2,Orthorhombic,
21,630230,C 2 2 2,Dy Sb2,Dy,Dy,1,3,6,Sb2,Sb,2,15,5,Orthorhombic,
21,631094,C 2 2 2,Er Sb2,Er,Er,1,3,6,Sb2,Sb,2,15,5,Orthorhombic,
21,636367,C 2 2 2,Gd Sb2,Gd,Gd,1,3,6,Sb2,Sb,2,15,5,Orthorhombic,
21,26220,C 2 2 2,Ho Sb2,Ho,Ho,1,3,6,Sb2,Sb,2,15,5,Orthorhombic,
21,642589,C 2 2 2,Lu Sb2,Lu,Lu,1,3,6,Sb2,Sb,2,15,5,Orthorhombic,
21,280624,C 2 2 2,Si32 O64,Si32,Si,32,14,3,O64,O,64,16,2,Orthorhombic,
21,201558,C 2 2 2,Ta D0.48,Ta,Ta,1,5,6,D0.48,D,0.48,1,1,Orthorhombic,
21,5457,C 2 2 2,Ta H0.84,Ta,Ta,1,5,6,H0.84,H,0.84,1,1,Orthorhombic,
21,28022,A 2 2 2,Ta2 D,Ta2,Ta,2,5,6,D,D,1,1,1,Orthorhombic,
21,41774,C 2 2 2,Ta2 H,Ta2,Ta,2,5,6,H,H,1,1,1,Orthorhombic,
21,651605,C 2 2 2,Tb Sb2,Tb,Tb,1,3,6,Sb2,Sb,2,15,5,Orthorhombic,
21,651689,C 2 2 2,Tm Sb2,Tm,Tm,1,3,6,Sb2,Sb,2,15,5,Orthorhombic,
21,16756,C 2 2 2,U3 O8,U3,U,3,3,7,O8,O,8,16,2,Orthorhombic,
21,56192,C 2 2 2,V4 D3,V4,V,4,5,4,D3,D,3,1,1,Orthorhombic,
21,73719,C 2 2 2,W3 O8,W3,W,3,6,6,O8,O,8,16,2,Orthorhombic,
21,651733,C 2 2 2,Y Sb2,Y,Y,1,3,5,Sb2,Sb,2,15,5,Orthorhombic,
22,54126,F 2 2 2,Cu O2,Cu,Cu,1,11,4,O2,O,2,16,2,Orthorhombic,
22,34419,F 2 2 2,V O2,V,V,1,5,4,O2,O,2,16,2,Orthorhombic,
81,90957,P -4,Ge Se2,Ge,Ge,1,14,4,Se2,Se,2,16,4,Tetragonal,
82,23560,I -4,Cr3 P,Cr3,Cr,3,6,4,P,P,1,15,3,Tetragonal,
82,613889,I -4,Fe3 B,Fe3,Fe,3,8,4,B,B,1,13,2,Tetragonal,
82,43365,I -4,Fe3 P,Fe3,Fe,3,8,4,P,P,1,15,3,Tetragonal,
82,203233,I -4,C78 Cl32,C78,C,78,14,2,Cl32,Cl,32,17,3,Tetragonal,
82,90956,I -4,Ge Se2,Ge,Ge,1,14,4,Se2,Se,2,16,4,Tetragonal,
82,53039,I -4,Hf3 Sb,Hf3,Hf,3,4,6,Sb,Sb,1,15,5,Tetragonal,
82,43393,I -4,Mn3 P,Mn3,Mn,3,7,4,P,P,1,15,3,Tetragonal,
82,644085,I -4,Mo3 P,Mo3,Mo,3,6,5,P,P,1,15,3,Tetragonal,
82,626510,I -4,Nb3 P,Nb3,Nb,3,5,5,P,P,1,15,3,Tetragonal,
82,645416,I -4,Nb3 Si,Nb3,Nb,3,5,5,Si,Si,1,14,3,Tetragonal,
82,43396,I -4,Ni3 P,Ni3,Ni,3,10,4,P,P,1,15,3,Tetragonal,
82,611183,I -4,Pd3 As,Pd3,Pd,3,10,5,As,As,1,15,4,Tetragonal,
82,649505,I -4,Pt3 Pu,Pt3,Pt,3,10,6,Pu,Pu,1,3,7,Tetragonal,
82,427459,I -4,Rb4 O6,Rb4,Rb,4,1,5,O6,O,6,16,2,Tetragonal,
82,83332,I -4,Si O2,Si,Si,1,14,3,O2,O,2,16,2,Tetragonal,
82,56027,I -4,Ta3 Ge,Ta3,Ta,3,5,6,Ge,Ge,1,14,4,Tetragonal,
82,35116,I -4,Tc3 P,Tc3,Tc,3,7,5,P,P,1,15,3,Tetragonal,
82,638055,I -4,Ti3 Ge,Ti3,Ti,3,4,4,Ge,Ge,1,14,4,Tetragonal,
82,42674,I -4,Tl5 Te3,Tl5,Tl,5,13,6,Te3,Te,3,16,5,Tetragonal,
82,648282,I -4,W3 P,W3,W,3,6,6,P,P,1,15,3,Tetragonal,
82,43326,I -4,Zr D,Zr,Zr,1,4,5,D,D,1,1,1,Tetragonal,
82,650551,I -4,Zr3 Rh,Zr3,Zr,3,4,5,Rh,Rh,1,9,5,Tetragonal,
82,651786,I -4,Zr3 Sb,Zr3,Zr,3,4,5,Sb,Sb,1,15,5,Tetragonal,
82,81539,I -4,Zr3 Te,Zr3,Zr,3,4,5,Te,Te,1,16,5,Tetragonal,
91,153253,P 41 2 2,Si64 O128,Si64,Si,64,14,3,O128,O,128,16,2,Tetragonal,
92,165,P 41 21 2,Mn5 Si2,Mn5,Mn,5,7,4,Si2,Si,2,14,3,Tetragonal,
92,1079,P 41 21 2,Mg As4,Mg,Mg,1,2,3,As4,As,4,15,4,Tetragonal,
92,1287,P 41 21 2,Ni2 Y3,Ni2,Ni,2,10,4,Y3,Y,3,3,5,Tetragonal,
92,10015,P 41 21 2,As2 O5,As2,As,2,15,4,O5,O,5,16,2,Tetragonal,
92,14195,P 41 21 2,Sn F2,Sn,Sn,1,14,5,F2,F,2,17,2,Tetragonal,
92,9327,P 41 21 2,Si O2,Si,Si,1,14,3,O2,O,2,16,2,Tetragonal,
92,16817,P 41 21 2,H2 O,H2,H,2,1,1,O,O,1,16,2,Tetragonal,
92,20357,P 41 21 2,Zr5 Si4,Zr5,Zr,5,4,5,Si4,Si,4,14,3,Tetragonal,
92,23783,P 41 21 2,Ge O2,Ge,Ge,1,14,4,O2,O,2,16,2,Tetragonal,
92,27515,P 41 21 2,Te O2,Te,Te,1,16,5,O2,O,2,16,2,Tetragonal,
92,28067,P 41 21 2,D2 O2,D2,D,2,1,1,O2,O,2,16,2,Tetragonal,
92,23704,P 41 21 2,D2 O,D2,D,2,1,1,O,O,1,16,2,Tetragonal,
92,30602,P 41 21 2,H O2 H,H,H,1,1,1,O2,O,2,16,2,Tetragonal,
92,34253,P 41 21 2,H2 O2,H2,H,2,1,1,O2,O,2,16,2,Tetragonal,
92,35331,P 41 21 2,Al B12,Al,Al,1,13,3,B12,B,12,13,2,Tetragonal,
92,34853,P 41 21 2,Ni11 As8,Ni11,Ni,11,10,4,As8,As,8,15,4,Tetragonal,
92,60761,P 41 21 2,Pt3 I8,Pt3,Pt,3,10,6,I8,I,8,17,5,Tetragonal,
92,40428,P 41 21 2,Zn P4,Zn,Zn,1,12,4,P4,P,4,15,3,Tetragonal,
92,78162,P 41 21 2,Tl2 S2,Tl2,Tl,2,13,6,S2,S,2,16,3,Tetragonal,
92,70048,P 41 21 2,Fe21.34 O32,Fe21.34,Fe,21.34,8,4,O32,O,32,16,2,Tetragonal,
92,410107,P 41 21 2,Br7 In5,Br7,Br,7,17,4,In5,In,5,13,5,Tetragonal,
92,43080,P 41 21 2,Ti5 Si4,Ti5,Ti,5,4,4,Si4,Si,4,14,3,Tetragonal,
92,53043,P 41 21 2,Hf5 Si4,Hf5,Hf,5,4,6,Si4,Si,4,14,3,Tetragonal,
92,94986,P 41 21 2,La5 Si4,La5,La,5,3,6,Si4,Si,4,14,3,Tetragonal,
92,94987,P 41 21 2,Nd5 Si4,Nd5,Nd,5,3,6,Si4,Si,4,14,3,Tetragonal,
92,95099,P 41 21 2,Pr5 Si4,Pr5,Pr,5,3,6,Si4,Si,4,14,3,Tetragonal,
92,18137,P 41 21 2,Zn P2,Zn,Zn,1,12,4,P2,P,2,15,3,Tetragonal,
92,98406,P 41 21 2,C O2,C,C,1,14,2,O2,O,2,16,2,Tetragonal,
92,614665,P 41 21 2,Li B11,Li,Li,1,1,2,B11,B,11,13,2,Tetragonal,
92,620210,P 41 21 2,Cd P2,Cd,Cd,1,12,5,P2,P,2,15,3,Tetragonal,
92,622142,P 41 21 2,Ce5 Si4,Ce5,Ce,5,3,6,Si4,Si,4,14,3,Tetragonal,
92,638154,P 41 21 2,Zr5 Ge4,Zr5,Zr,5,4,5,Ge4,Ge,4,14,4,Tetragonal,
92,172906,P 41 21 2,Fe2 O3,Fe2,Fe,2,8,4,O3,O,3,16,2,Tetragonal,
92,174241,P 41 21 2,Mg4.8 B44,Mg4.8,Mg,4.8,2,3,B44,B,44,13,2,Tetragonal,
92,260701,P 41 21 2,Mg4.77 B44,Mg4.77,Mg,4.77,2,3,B44,B,44,13,2,Tetragonal,
92,260706,P 41 21 2,Mg4.78 B44,Mg4.78,Mg,4.78,2,3,B44,B,44,13,2,Tetragonal,
96,1091,P 43 21 2,Al3.24 B44,Al3.24,Al,3.24,13,3,B44,B,44,13,2,Tetragonal,
96,1459,P 43 21 2,Al1.67 B22,Al1.67,Al,1.67,13,3,B22,B,22,13,2,Tetragonal,
96,16500,P 43 21 2,Cd P2,Cd,Cd,1,12,5,P2,P,2,15,3,Tetragonal,
96,16550,P 43 21 2,Cu2 S,Cu2,Cu,2,11,4,S,S,1,16,3,Tetragonal,
96,34889,P 43 21 2,Si O2,Si,Si,1,14,3,O2,O,2,16,2,Tetragonal,
96,35643,P 43 21 2,Fe21.333 O32,Fe21.333,Fe,21.333,8,4,O32,O,32,16,2,Tetragonal,
96,62897,P 43 21 2,Te O2,Te,Te,1,16,5,O2,O,2,16,2,Tetragonal,
96,87121,P 43 21 2,Fe1.966 O2.963,Fe1.966,Fe,1.966,8,4,O2.963,O,2.963,16,2,Tetragonal,
96,250014,P 43 21 2,Zn P2,Zn,Zn,1,12,4,P2,P,2,15,3,Tetragonal,
96,612546,P 43 21 2,Be B6,Be,Be,1,2,2,B6,B,6,13,2,Tetragonal,
96,424098,P 43 21 2,Ba3 Sn2,Ba3,Ba,3,2,6,Sn2,Sn,2,14,5,Tetragonal,
98,16037,I 41 2 2,Cd As2,Cd,Cd,1,12,5,As2,As,2,15,4,Tetragonal,
111,445,P -4 2 m,B50.06 N1.87,B50.06,B,50.06,13,2,N1.87,N,1.87,15,2,Tetragonal,
111,12167,P -4 2 m,Mn F2,Mn,Mn,1,7,4,F2,F,2,17,2,Tetragonal,
111,108030,P -4 2 m,B49.95 C1.83,B49.95,B,49.95,13,2,C1.83,C,1.83,14,2,Tetragonal,
113,1509,P -4 21 m,W5 O14,W5,W,5,6,6,O14,O,14,16,2,Tetragonal,
113,16359,P -4 21 m,Ba Se3,Ba,Ba,1,2,6,Se3,Se,3,16,4,Tetragonal,
113,239,P -4 21 m,Cu3 Se2,Cu3,Cu,3,11,4,Se2,Se,2,16,4,Tetragonal,
113,23637,P -4 21 m,Ba S3,Ba,Ba,1,2,6,S3,S,3,16,3,Tetragonal,
113,36366,P -4 21 m,Ba Te3,Ba,Ba,1,2,6,Te3,Te,3,16,5,Tetragonal,
113,83634,P -4 21 m,Ca16 Sb11,Ca16,Ca,16,2,4,Sb11,Sb,11,15,5,Tetragonal,
113,86144,P -4 21 m,W O3,W,W,1,6,6,O3,O,3,16,2,Tetragonal,
113,91289,P -4 21 m,Eu16 Sb11,Eu16,Eu,16,3,6,Sb11,Sb,11,15,5,Tetragonal,
113,408045,P -4 21 m,Na Sn5,Na,Na,1,1,3,Sn5,Sn,5,14,5,Tetragonal,
113,150217,P -4 21 m,Eu16 Bi11,Eu16,Eu,16,3,6,Bi11,Bi,11,15,6,Tetragonal,
114,23864,P -4 21 c,Pd4 Se,Pd4,Pd,4,10,5,Se,Se,1,16,4,Tetragonal,
114,23865,P -4 21 c,Pd4 S,Pd4,Pd,4,10,5,S,S,1,16,3,Tetragonal,
114,28009,P -4 21 c,Bi2 O2.5,Bi2,Bi,2,15,6,O2.5,O,2.5,16,2,Tetragonal,
114,62979,P -4 21 c,Bi2 O3,Bi2,Bi,2,15,6,O3,O,3,16,2,Tetragonal,
114,200833,P -4 21 c,Yb15 C19,Yb15,Yb,15,3,6,C19,C,19,14,2,Tetragonal,
114,76817,P -4 21 c,Er15 C19,Er15,Er,15,3,6,C19,C,19,14,2,Tetragonal,
114,42631,P -4 21 c,Sc15 C19,Sc15,Sc,15,3,4,C19,C,19,14,2,Tetragonal,
114,601559,P -4 21 c,Lu15 C19,Lu15,Lu,15,3,6,C19,C,19,14,2,Tetragonal,
114,618080,P -4 21 c,Ho15 C19,Ho15,Ho,15,3,6,C19,C,19,14,2,Tetragonal,
114,618981,P -4 21 c,Tm15 C19,Tm15,Tm,15,3,6,C19,C,19,14,2,Tetragonal,
114,619118,P -4 21 c,Y15 C19,Y15,Y,15,3,5,C19,C,19,14,2,Tetragonal,
114,5284,P -4 21 c,C10 H16,C10,C,10,14,2,H16,H,16,1,1,Tetragonal,
115,83,P -4 m 2,V P1.7455,V,V,1,5,4,P1.7455,P,1.7455,15,3,Tetragonal,
115,35626,P -4 m 2,Rh3 P2,Rh3,Rh,3,9,5,P2,P,2,15,3,Tetragonal,
115,40200,P -4 m 2,Al Al1.67 O4,Al,Al,1,13,3,Al1.67,Al,1.67,13,3,Tetragonal,
115,95272,P -4 m 2,Hg I2,Hg,Hg,1,12,6,I2,I,2,17,5,Tetragonal,
115,645161,P -4 m 2,Nb4 P7,Nb4,Nb,4,5,5,P7,P,7,15,3,Tetragonal,
116,20323,P -4 c 2,Mn4 Si7,Mn4,Mn,4,7,4,Si7,Si,7,14,3,Tetragonal,
116,42909,P -4 c 2,Ir4 Ge5,Ir4,Ir,4,9,6,Ge5,Ge,5,14,4,Tetragonal,
116,103949,P -4 c 2,Ga17 Rh10,Ga17,Ga,17,13,4,Rh10,Rh,10,9,5,Tetragonal,
116,105994,P -4 c 2,Ru2 Sn3,Ru2,Ru,2,8,5,Sn3,Sn,3,14,5,Tetragonal,
116,625021,P -4 c 2,Co2 Si3,Co2,Co,2,9,4,Si3,Si,3,14,3,Tetragonal,
116,637672,P -4 c 2,Re4 Ge7,Re4,Re,4,7,6,Ge7,Ge,7,14,4,Tetragonal,
116,637741,P -4 c 2,Ru2 Ge3,Ru2,Ru,2,8,5,Ge3,Ge,3,14,4,Tetragonal,
116,652382,P -4 c 2,Tc4 Si7,Tc4,Tc,4,7,5,Si7,Si,7,14,3,Tetragonal,
117,27151,C -4 2 b,Bi2 O3,Bi2,Bi,2,15,6,O3,O,3,16,2,Tetragonal,
117,28444,C -4 2 b,Bi4 O7,Bi4,Bi,4,15,6,O7,O,7,16,2,Tetragonal,
117,29094,P -4 b 2,Pb3 O4,Pb3,Pb,3,14,6,O4,O,4,16,2,Tetragonal,
117,41807,P -4 b 2,Yb S1.8,Yb,Yb,1,3,6,S1.8,S,1.8,16,3,Tetragonal,
117,641839,P -4 b 2,La S2,La,La,1,3,6,S2,S,2,16,3,Tetragonal,
117,641840,P -4 b 2,La4 S7,La4,La,4,3,6,S7,S,7,16,3,Tetragonal,
117,645857,P -4 b 2,Nd4 S7,Nd4,Nd,4,3,6,S7,S,7,16,3,Tetragonal,
117,649273,P -4 b 2,Pr4 S7,Pr4,Pr,4,3,6,S7,S,7,16,3,Tetragonal,
117,651440,P -4 b 2,Yb S2,Yb,Yb,1,3,6,S2,S,2,16,3,Tetragonal,
117,239610,P -4 b 2,Pr Se2,Pr,Pr,1,3,6,Se2,Se,2,16,4,Tetragonal,
118,23789,P -4 n 2,Mn27 Si47,Mn27,Mn,27,7,4,Si47,Si,47,14,3,Tetragonal,
118,43049,P -4 n 2,Cr11 Ge19,Cr11,Cr,11,6,4,Ge19,Ge,19,14,4,Tetragonal,
118,43050,P -4 n 2,Mo13 Ge23,Mo13,Mo,13,6,5,Ge23,Ge,23,14,4,Tetragonal,
118,43051,P -4 n 2,V17 Ge31,V17,V,17,5,4,Ge31,Ge,31,14,4,Tetragonal,
118,43280,P -4 n 2,Mn11 Si19,Mn11,Mn,11,7,4,Si19,Si,19,14,3,Tetragonal,
118,102424,P -4 n 2,Co Ga3,Co,Co,1,9,4,Ga3,Ga,3,13,4,Tetragonal,
118,102500,P -4 n 2,Co In3,Co,Co,1,9,4,In3,In,3,13,5,Tetragonal,
118,103761,P -4 n 2,Ga5 Ir3,Ga5,Ga,5,13,4,Ir3,Ir,3,9,6,Tetragonal,
118,631756,P -4 n 2,Fe Ga3,Fe,Fe,1,8,4,Ga3,Ga,3,13,4,Tetragonal,
118,635023,P -4 n 2,Ga3 Os,Ga3,Ga,3,13,4,Os,Os,1,8,6,Tetragonal,
118,51946,P -4 n 2,In3 Ir,In3,In,3,13,5,Ir,Ir,1,9,6,Tetragonal,
118,59518,P -4 n 2,In3 Ru,In3,In,3,13,5,Ru,Ru,1,8,5,Tetragonal,
119,20664,I -4 m 2,K Ga3,K,K,1,1,4,Ga3,Ga,3,13,4,Tetragonal,
119,40136,I -4 m 2,Si O2,Si,Si,1,14,3,O2,O,2,16,2,Tetragonal,
119,40517,I -4 m 2,Si96 O192,Si96,Si,96,14,3,O192,O,192,16,2,Tetragonal,
119,93777,I -4 m 2,Re3 O10,Re3,Re,3,7,6,O10,O,10,16,2,Tetragonal,
119,102863,I -4 m 2,Cs Ga3,Cs,Cs,1,1,6,Ga3,Ga,3,13,4,Tetragonal,
119,102867,I -4 m 2,Cs In3,Cs,Cs,1,1,6,In3,In,3,13,5,Tetragonal,
119,102868,I -4 m 2,Cs2 In3,Cs2,Cs,2,1,6,In3,In,3,13,5,Tetragonal,
119,103030,I -4 m 2,Cu4 La,Cu4,Cu,4,11,4,La,La,1,3,6,Tetragonal,
119,103649,I -4 m 2,Ga3 K,Ga3,Ga,3,13,4,K,K,1,1,4,Tetragonal,
119,655691,I -4 m 2,Nb N,Nb,Nb,1,5,5,N,N,1,15,2,Tetragonal,
119,103943,I -4 m 2,Ga3 Rb,Ga3,Ga,3,13,4,Rb,Rb,1,1,5,Tetragonal,
121,16809,I -4 2 m,Fe2 B,Fe2,Fe,2,8,4,B,B,1,13,2,Tetragonal,
121,26515,I -4 2 m,V3 S,V3,V,3,5,4,S,S,1,16,3,Tetragonal,
121,30447,I -4 2 m,Co2 B,Co2,Co,2,9,4,B,B,1,13,2,Tetragonal,
121,30448,I -4 2 m,Ni2 B,Ni2,Ni,2,10,4,B,B,1,13,2,Tetragonal,
121,30789,I -4 2 m,C I4,C,C,1,14,2,I4,I,4,17,5,Tetragonal,
121,43238,I -4 2 m,Mo3 P,Mo3,Mo,3,6,5,P,P,1,15,3,Tetragonal,
121,58567,I -4 2 m,Au Pb3,Au,Au,1,11,6,Pb3,Pb,3,14,6,Tetragonal,
121,104607,I -4 2 m,Ir Zr3,Ir,Ir,1,9,6,Zr3,Zr,3,4,5,Tetragonal,
121,104682,I -4 2 m,La7 Ni16,La7,La,7,3,6,Ni16,Ni,16,10,4,Tetragonal,
121,612239,I -4 2 m,Pb3 Au,Pb3,Pb,3,14,6,Au,Au,1,11,6,Tetragonal,
122,659,I -4 2 d,U F5,U,U,1,3,7,F5,F,5,17,2,Tetragonal,
122,2586,I -4 2 d,Na2 S4,Na2,Na,2,1,3,S4,S,4,16,3,Tetragonal,
122,15339,I -4 2 d,Mn15 Si26,Mn15,Mn,15,7,4,Si26,Si,26,14,3,Tetragonal,
122,15916,I -4 2 d,Zn Cl2,Zn,Zn,1,12,4,Cl2,Cl,2,17,3,Tetragonal,
122,16951,I -4 2 d,Ge S2,Ge,Ge,1,14,4,S2,S,2,16,3,Tetragonal,
122,16952,I -4 2 d,Si S2,Si,Si,1,14,3,S2,S,2,16,3,Tetragonal,
122,68117,I -4 2 d,Li3 B14,Li3,Li,3,1,2,B14,B,14,13,2,Tetragonal,
122,68118,I -4 2 d,Li1.8 B14,Li1.8,Li,1.8,1,2,B14,B,14,13,2,Tetragonal,
122,80774,I -4 2 d,Rh17 Ge22,Rh17,Rh,17,9,5,Ge22,Ge,22,14,4,Tetragonal,
122,402584,I -4 2 d,Na2 Se4,Na2,Na,2,1,3,Se4,Se,4,16,4,Tetragonal,
122,50761,I -4 2 d,Ge Se2,Ge,Ge,1,14,4,Se2,Se,2,16,4,Tetragonal,
122,86858,I -4 2 d,D2 O,D2,D,2,1,1,O,O,1,16,2,Tetragonal,
122,280817,I -4 2 d,Zr11 Sb18,Zr11,Zr,11,4,5,Sb18,Sb,18,15,5,Tetragonal,
122,290503,I -4 2 d,C O2,C,C,1,14,2,O2,O,2,16,2,Tetragonal,
122,151633,I -4 2 d,Eu3 S4,Eu3,Eu,3,3,6,S4,S,4,16,3,Tetragonal,
122,164879,I -4 2 d,Ni9 S8,Ni9,Ni,9,10,4,S8,S,8,16,3,Tetragonal,
122,249574,I -4 2 d,Ba19 Li44,Ba19,Ba,19,2,6,Li44,Li,44,1,2,Tetragonal,
122,246853,I -4 2 d,U3 O7,U3,U,3,3,7,O7,O,7,16,2,Tetragonal,
122,248539,I -4 2 d,Rb4 O6,Rb4,Rb,4,1,5,O6,O,6,16,2,Tetragonal,
122,421227,I -4 2 d,Sr19 Li44,Sr19,Sr,19,2,5,Li44,Li,44,1,2,Tetragonal,
149,20389,P 3 1 2,Fe3 N,Fe3,Fe,3,8,4,N,N,1,15,2,Trigonal,
149,24651,P 3 1 2,Fe2 N,Fe2,Fe,2,8,4,N,N,1,15,2,Trigonal,
149,24652,P 3 1 2,Fe24 N10,Fe24,Fe,24,8,4,N10,N,10,15,2,Trigonal,
149,36055,P 3 1 2,Ti3 O,Ti3,Ti,3,4,4,O,O,1,16,2,Trigonal,
149,39427,P 3 1 2,Ti Cl3,Ti,Ti,1,4,4,Cl3,Cl,3,17,3,Trigonal,
149,39765,P 3 1 2,Fe Cl3,Fe,Fe,1,8,4,Cl3,Cl,3,17,3,Trigonal,
149,162697,P 3 1 2,Fe3 N1.08,Fe3,Fe,3,8,4,N1.08,N,1.08,15,2,Trigonal,
149,163928,P 3 1 2,Fe3 N0.94,Fe3,Fe,3,8,4,N0.94,N,0.94,15,2,Trigonal,
149,260248,P 3 1 2,Ga2.41 Sm0.86,Ga2.41,Ga,2.41,13,4,Sm0.86,Sm,0.86,3,6,Trigonal,
150,9106,P 3 2 1,Ni31 Si12,Ni31,Ni,31,10,4,Si12,Si,12,14,3,Trigonal,
150,26864,P 3 2 1,La2 O3,La2,La,2,3,6,O3,O,3,16,2,Trigonal,
150,26865,P 3 2 1,Ce2 O3,Ce2,Ce,2,3,6,O3,O,3,16,2,Trigonal,
150,26867,P 3 2 1,Nd2 O3,Nd2,Nd,2,3,6,O3,O,3,16,2,Trigonal,
150,29131,P 3 2 1,Al F3,Al,Al,1,13,3,F3,F,3,17,2,Trigonal,
150,29132,P 3 2 1,Fe F3,Fe,Fe,1,8,4,F3,F,3,17,2,Trigonal,
150,29133,P 3 2 1,Co F3,Co,Co,1,9,4,F3,F,3,17,2,Trigonal,
150,29134,P 3 2 1,Rh F3,Rh,Rh,1,9,5,F3,F,3,17,2,Trigonal,
150,29135,P 3 2 1,Pd F3,Pd,Pd,1,10,5,F3,F,3,17,2,Trigonal,
150,104765,P 3 2 1,Li7 Pb2,Li7,Li,7,1,2,Pb2,Pb,2,14,6,Trigonal,
150,105855,P 3 2 1,Pt Zn1.68,Pt,Pt,1,10,6,Zn1.68,Zn,1.68,12,4,Trigonal,
150,643223,P 3 2 1,Mn2 P,Mn2,Mn,2,7,4,P,P,1,15,3,Trigonal,
150,646117,P 3 2 1,Ni2 P,Ni2,Ni,2,10,4,P,P,1,15,3,Trigonal,
151,26070,P 31 1 2,Ti Cl3,Ti,Ti,1,4,4,Cl3,Cl,3,17,3,Trigonal,
151,71098,P 31 1 2,V6 C5,V6,V,6,5,4,C5,C,5,14,2,Trigonal,
151,20717,P 31 1 2,Ru Cl3,Ru,Ru,1,8,5,Cl3,Cl,3,17,3,Trigonal,
151,104805,P 31 1 2,Lu Ni4,Lu,Lu,1,3,6,Ni4,Ni,4,10,4,Trigonal,
152,8048,P 31 2 1,Fe7 Se8,Fe7,Fe,7,8,4,Se8,Se,8,16,4,Trigonal,
152,8064,P 31 2 1,Fe7 S8,Fe7,Fe,7,8,4,S8,S,8,16,3,Trigonal,
152,24062,P 31 2 1,Hg O,Hg,Hg,1,12,6,O,O,1,16,2,Trigonal,
152,27745,P 31 2 1,Si O2,Si,Si,1,14,3,O2,O,2,16,2,Trigonal,
152,37164,P 31 2 1,Ni17 S18,Ni17,Ni,17,10,4,S18,S,18,16,3,Trigonal,
152,31129,P 31 2 1,Hg S,Hg,Hg,1,12,6,S,S,1,16,3,Trigonal,
152,41592,P 31 2 1,Hg Te,Hg,Hg,1,12,6,Te,Te,1,16,5,Trigonal,
152,65938,P 31 2 1,Ti6 C3.75,Ti6,Ti,6,4,4,C3.75,C,3.75,14,2,Trigonal,
152,67862,P 31 2 1,Cd Te,Cd,Cd,1,12,5,Te,Te,1,16,5,Trigonal,
152,79638,P 31 2 1,Ge O2,Ge,Ge,1,14,4,O2,O,2,16,2,Trigonal,
152,80075,P 31 2 1,Zn Te,Zn,Zn,1,12,4,Te,Te,1,16,5,Trigonal,
152,53655,P 31 2 1,Ir Ge4,Ir,Ir,1,9,6,Ge4,Ge,4,14,4,Trigonal,
152,51575,P 31 2 1,B2 O3,B2,B,2,13,2,O3,O,3,16,2,Trigonal,
152,637677,P 31 2 1,Rh Ge4,Rh,Rh,1,9,5,Ge4,Ge,4,14,4,Trigonal,
152,648931,P 31 2 1,Pd20 Sn13,Pd20,Pd,20,10,5,Sn13,Sn,13,14,5,Trigonal,
152,651997,P 31 2 1,Te0.25 Se0.75,Te0.25,Te,0.25,16,5,Se0.75,Se,0.75,16,4,Trigonal,
152,651998,P 31 2 1,Te0.5 Se0.5,Te0.5,Te,0.5,16,5,Se0.5,Se,0.5,16,4,Trigonal,
152,261194,P 31 2 1,Be F2,Be,Be,1,2,2,F2,F,2,17,2,Trigonal,
153,33578,P 32 1 2,Cr Cl3,Cr,Cr,1,6,4,Cl3,Cl,3,17,3,Trigonal,
154,174,P 32 2 1,Si O2,Si,Si,1,14,3,O2,O,2,16,2,Trigonal,
154,24565,P 32 2 1,V7 S8,V7,V,7,5,4,S8,S,8,16,3,Trigonal,
154,70054,P 32 2 1,Hg S,Hg,Hg,1,12,6,S,S,1,16,3,Trigonal,
154,16577,P 32 2 1,Ge O2,Ge,Ge,1,14,4,O2,O,2,16,2,Trigonal,
154,639125,P 32 2 1,Hg O,Hg,Hg,1,12,6,O,O,1,16,2,Trigonal,
154,639202,P 32 2 1,Hg Se,Hg,Hg,1,12,6,Se,Se,1,16,4,Trigonal,
154,639251,P 32 2 1,Hg Te,Hg,Hg,1,12,6,Te,Te,1,16,5,Trigonal,
154,195513,P 32 2 1,Pd7.19 Sn4.31,Pd7.19,Pd,7.19,10,5,Sn4.31,Sn,4.31,14,5,Trigonal,
155,10424,R 3 2 R,Ni3 S2,Ni3,Ni,3,10,4,S2,S,2,16,3,Trigonal,
155,23402,R 3 2 H,Zr3 O,Zr3,Zr,3,4,5,O,O,1,16,2,Trigonal,
155,27093,R 3 2 R,Ni3 Se2,Ni3,Ni,3,10,4,Se2,Se,2,16,4,Trigonal,
155,30215,R 3 2 R,Sc F3,Sc,Sc,1,3,4,F3,F,3,17,2,Trigonal,
155,30274,R 3 2 R,Al F3,Al,Al,1,13,3,F3,F,3,17,2,Trigonal,
155,62659,R 3 2 H,Al7 Te10,Al7,Al,7,13,3,Te10,Te,10,16,5,Trigonal,
155,400668,R 3 2 H,Ga7 Te10,Ga7,Ga,7,13,4,Te10,Te,10,16,5,Trigonal,
155,400669,R 3 2 H,In7 Te10,In7,In,7,13,5,Te10,Te,10,16,5,Trigonal,
155,104317,R 3 2 H,Hg Mg3,Hg,Hg,1,12,6,Mg3,Mg,3,2,3,Trigonal,
155,166475,R 3 2 R,Ni3 S1.783,Ni3,Ni,3,10,4,S1.783,S,1.783,16,3,Trigonal,
155,166476,R 3 2 R,Ni2.548 S2,Ni2.548,Ni,2.548,10,4,S2,S,2,16,3,Trigonal,
155,55399,R 3 2 H,Zn5.24 Sb5,Zn5.24,Zn,5.24,12,4,Sb5,Sb,5,15,5,Trigonal,
155,192814,R 3 2 H,Mn12 Ge5,Mn12,Mn,12,7,4,Ge5,Ge,5,14,4,Trigonal,
178,16876,P 61 2 2,Au F3,Au,Au,1,11,6,F3,F,3,17,2,Hexagonal,
178,80477,P 61 2 2,Ag F3,Ag,Ag,1,11,5,F3,F,3,17,2,Hexagonal,
178,104611,P 61 2 2,Ir3 Zr5,Ir3,Ir,3,9,6,Zr5,Zr,5,4,5,Hexagonal,
178,638575,P 61 2 2,Hf5 Ir3,Hf5,Hf,5,4,6,Ir3,Ir,3,9,6,Hexagonal,
180,9481,P 62 2 2,Be F2,Be,Be,1,2,2,F2,F,2,17,2,Hexagonal,
180,16502,P 62 2 2,Nb Si2,Nb,Nb,1,5,5,Si2,Si,2,14,3,Hexagonal,
180,16503,P 62 2 2,Nb Ge2,Nb,Nb,1,5,5,Ge2,Ge,2,14,4,Hexagonal,
180,16504,P 62 2 2,Ta Ge2,Ta,Ta,1,5,6,Ge2,Ge,2,14,4,Hexagonal,
180,16836,P 62 2 2,Cr Si2,Cr,Cr,1,6,4,Si2,Si,2,14,3,Hexagonal,
180,26430,P 62 2 2,Si O2,Si,Si,1,14,3,O2,O,2,16,2,Hexagonal,
180,30713,P 62 2 2,Mg2 Ni,Mg2,Mg,2,2,3,Ni,Ni,1,10,4,Hexagonal,
180,74641,P 62 2 2,Cs C8,Cs,Cs,1,1,6,C8,C,8,14,2,Hexagonal,
180,43596,P 62 2 2,Ta Si2,Ta,Ta,1,5,6,Si2,Si,2,14,3,Hexagonal,
180,77114,P 62 2 2,Mo Sn2,Mo,Mo,1,6,5,Sn2,Sn,2,14,5,Hexagonal,
180,77371,P 62 2 2,V Si2,V,V,1,5,4,Si2,Si,2,14,3,Hexagonal,
180,633427,P 62 2 2,Sc Fe2,Sc,Sc,1,3,4,Fe2,Fe,2,8,4,Hexagonal,
180,638088,P 62 2 2,V Ge2,V,V,1,5,4,Ge2,Ge,2,14,4,Hexagonal,
180,638941,P 62 2 2,Hf Sn2,Hf,Hf,1,4,6,Sn2,Sn,2,14,5,Hexagonal,
180,644399,P 62 2 2,Mo Si2,Mo,Mo,1,6,5,Si2,Si,2,14,3,Hexagonal,
180,652549,P 62 2 2,W Si2,W,W,1,6,6,Si2,Si,2,14,3,Hexagonal,
181,93975,P 64 2 2,Si O2,Si,Si,1,14,3,O2,O,2,16,2,Hexagonal,
181,96025,P 64 2 2,V Si2,V,V,1,5,4,Si2,Si,2,14,3,Hexagonal,
181,96026,P 64 2 2,Cr Si2,Cr,Cr,1,6,4,Si2,Si,2,14,3,Hexagonal,
181,96028,P 64 2 2,Ta Si2,Ta,Ta,1,5,6,Si2,Si,2,14,3,Hexagonal,
181,645450,P 64 2 2,Nb Si2,Nb,Nb,1,5,5,Si2,Si,2,14,3,Hexagonal,
181,173662,P 64 2 2,W Al2,W,W,1,6,6,Al2,Al,2,13,3,Hexagonal,
182,1116,P 63 2 2,Mn2 N0.86,Mn2,Mn,2,7,4,N0.86,N,0.86,15,2,Hexagonal,
182,10395,P 63 2 2,Re1.16 O3,Re1.16,Re,1.16,7,6,O3,O,3,16,2,Hexagonal,
182,16964,P 63 2 2,La F3,La,La,1,3,6,F3,F,3,17,2,Hexagonal,
182,16965,P 63 2 2,Ce F3,Ce,Ce,1,3,6,F3,F,3,17,2,Hexagonal,
182,16966,P 63 2 2,Pr F3,Pr,Pr,1,3,6,F3,F,3,17,2,Hexagonal,
182,16967,P 63 2 2,Nd F3,Nd,Nd,1,3,6,F3,F,3,17,2,Hexagonal,
182,16968,P 63 2 2,Sm F3,Sm,Sm,1,3,6,F3,F,3,17,2,Hexagonal,
182,29343,P 63 2 2,Si O2,Si,Si,1,14,3,O2,O,2,16,2,Hexagonal,
182,61367,P 63 2 2,Nb1.25 S2,Nb1.25,Nb,1.25,5,5,S2,S,2,16,3,Hexagonal,
182,79981,P 63 2 2,Fe3 N,Fe3,Fe,3,8,4,N,N,1,15,2,Hexagonal,
182,202338,P 63 2 2,Re O3,Re,Re,1,7,6,O3,O,3,16,2,Hexagonal,
182,42542,P 63 2 2,Fe3 C,Fe3,Fe,3,8,4,C,C,1,14,2,Hexagonal,
182,42985,P 63 2 2,Zr O0.333,Zr,Zr,1,4,5,O0.333,O,0.333,16,2,Hexagonal,
182,76402,P 63 2 2,Ni3 N,Ni3,Ni,3,10,4,N,N,1,15,2,Hexagonal,
182,88316,P 63 2 2,Zr3 O,Zr3,Zr,3,4,5,O,O,1,16,2,Hexagonal,
182,93173,P 63 2 2,Fe3 N1.107,Fe3,Fe,3,8,4,N1.107,N,1.107,15,2,Hexagonal,
182,93174,P 63 2 2,Fe3 N1.239,Fe3,Fe,3,8,4,N1.239,N,1.239,15,2,Hexagonal,
182,93175,P 63 2 2,Fe3 N1.3,Fe3,Fe,3,8,4,N1.3,N,1.3,15,2,Hexagonal,
182,93176,P 63 2 2,Fe3 N1.33,Fe3,Fe,3,8,4,N1.33,N,1.33,15,2,Hexagonal,
182,93177,P 63 2 2,Fe3 N1.39,Fe3,Fe,3,8,4,N1.39,N,1.39,15,2,Hexagonal,
182,93180,P 63 2 2,Fe3 N1.245,Fe3,Fe,3,8,4,N1.245,N,1.245,15,2,Hexagonal,
182,93183,P 63 2 2,Fe3 N1.1,Fe3,Fe,3,8,4,N1.1,N,1.1,15,2,Hexagonal,
182,93195,P 63 2 2,Fe3 N1.235,Fe3,Fe,3,8,4,N1.235,N,1.235,15,2,Hexagonal,
182,93196,P 63 2 2,Fe3 N1.236,Fe3,Fe,3,8,4,N1.236,N,1.236,15,2,Hexagonal,
182,93197,P 63 2 2,Fe3 N1.234,Fe3,Fe,3,8,4,N1.234,N,1.234,15,2,Hexagonal,
182,93198,P 63 2 2,Fe3 N1.226,Fe3,Fe,3,8,4,N1.226,N,1.226,15,2,Hexagonal,
182,93199,P 63 2 2,Fe3 N1.231,Fe3,Fe,3,8,4,N1.231,N,1.231,15,2,Hexagonal,
182,93200,P 63 2 2,Fe3 N1.222,Fe3,Fe,3,8,4,N1.222,N,1.222,15,2,Hexagonal,
182,93201,P 63 2 2,Fe3 N1.233,Fe3,Fe,3,8,4,N1.233,N,1.233,15,2,Hexagonal,
182,93202,P 63 2 2,Fe3 N1.221,Fe3,Fe,3,8,4,N1.221,N,1.221,15,2,Hexagonal,
182,93203,P 63 2 2,Fe3 N1.22,Fe3,Fe,3,8,4,N1.22,N,1.22,15,2,Hexagonal,
182,93204,P 63 2 2,Fe3 N1.227,Fe3,Fe,3,8,4,N1.227,N,1.227,15,2,Hexagonal,
182,105342,P 63 2 2,Ni2 Si,Ni2,Ni,2,10,4,Si,Si,1,14,3,Hexagonal,
182,99165,P 63 2 2,Mn N0.421,Mn,Mn,1,7,4,N0.421,N,0.421,15,2,Hexagonal,
182,600405,P 63 2 2,Pr Pd5,Pr,Pr,1,3,6,Pd5,Pd,5,10,5,Hexagonal,
182,642954,P 63 2 2,Mn6 N2.58,Mn6,Mn,6,7,4,N2.58,N,2.58,15,2,Hexagonal,
182,420214,P 63 2 2,Fe3 N1.47,Fe3,Fe,3,8,4,N1.47,N,1.47,15,2,Hexagonal,
182,291370,P 63 2 2,Al20 Sm4,Al20,Al,20,13,3,Sm4,Sm,4,3,6,Hexagonal,
182,162698,P 63 2 2,Fe3 N1.2,Fe3,Fe,3,8,4,N1.2,N,1.2,15,2,Hexagonal,
182,163929,P 63 2 2,Fe3 N0.97,Fe3,Fe,3,8,4,N0.97,N,0.97,15,2,Hexagonal,
195,18010,P 2 3,Sn I4,Sn,Sn,1,14,5,I4,I,4,17,5,Cubic,
195,406525,P 2 3,Rh Al2.63,Rh,Rh,1,9,5,Al2.63,Al,2.63,13,3,Cubic,
195,406526,P 2 3,Ir Al2.75,Ir,Ir,1,9,6,Al2.75,Al,2.75,13,3,Cubic,
196,24596,F 2 3,Li22 Si5,Li22,Li,22,1,2,Si5,Si,5,14,3,Cubic,
196,33628,F 2 3,Cu2 Se,Cu2,Cu,2,11,4,Se,Se,1,16,4,Cubic,
196,104766,F 2 3,Li22 Pb5,Li22,Li,22,1,2,Pb5,Pb,5,14,6,Cubic,
196,636880,F 2 3,Li22 Ge5,Li22,Li,22,1,2,Ge5,Ge,5,14,4,Cubic,
196,642384,F 2 3,Li22 Sn5,Li22,Li,22,1,2,Sn5,Sn,5,14,5,Cubic,
196,642400,F 2 3,Li22 Tl5,Li22,Li,22,1,2,Tl5,Tl,5,13,6,Cubic,
197,2376,I 2 3,Bi2 O3,Bi2,Bi,2,15,6,O3,O,3,16,2,Cubic,
197,23042,I 2 3,Li5 B4,Li5,Li,5,1,2,B4,B,4,13,2,Cubic,
197,39619,I 2 3,Bi12.8 O19.2,Bi12.8,Bi,12.8,15,6,O19.2,O,19.2,16,2,Cubic,
197,58275,I 2 3,Ag2 Hg3,Ag2,Ag,2,11,5,Hg3,Hg,3,12,6,Cubic,
197,2720,I 2 3,Ag2 Hg3.02,Ag2,Ag,2,11,5,Hg3.02,Hg,3.02,12,6,Cubic,
197,103863,I 2 3,Ga3.76 Ni,Ga3.76,Ga,3.76,13,4,Ni,Ni,1,10,4,Cubic,
198,344,P 21 3,Sr Al,Sr,Sr,1,2,5,Al,Al,1,13,3,Cubic,
198,2429,P 21 3,In Cl,In,In,1,13,5,Cl,Cl,1,17,3,Cubic,
198,15692,P 21 3,Os Si,Os,Os,1,8,6,Si,Si,1,14,3,Cubic,
198,16837,P 21 3,Cr Si,Cr,Cr,1,6,4,Si,Si,1,14,3,Cubic,
198,16838,P 21 3,Mn Si,Mn,Mn,1,7,4,Si,Si,1,14,3,Cubic,
198,16839,P 21 3,Co Si,Co,Co,1,9,4,Si,Si,1,14,3,Cubic,
198,24719,P 21 3,Rh Si,Rh,Rh,1,9,5,Si,Si,1,14,3,Cubic,
198,26506,P 21 3,N H3,N,N,1,15,2,H3,H,3,1,1,Cubic,
198,26507,P 21 3,N D3,N,N,1,15,2,D3,D,3,1,1,Cubic,
198,26616,P 21 3,Re Si,Re,Re,1,7,6,Si,Si,1,14,3,Cubic,
198,24587,P 21 3,Si O2,Si,Si,1,14,3,O2,O,2,16,2,Cubic,
198,36188,P 21 3,Fe Si,Fe,Fe,1,8,4,Si,Si,1,14,3,Cubic,
198,39855,P 21 3,Si5 C3,Si5,Si,5,14,3,C3,C,3,14,2,Cubic,
198,40321,P 21 3,Hg Pd,Hg,Hg,1,12,6,Pd,Pd,1,10,5,Cubic,
198,50332,P 21 3,H2 S,H2,H,2,1,1,S,S,1,16,3,Cubic,
198,79231,P 21 3,Ru Si,Ru,Ru,1,8,5,Si,Si,1,14,3,Cubic,
198,85211,P 21 3,Ru Ge,Ru,Ru,1,8,5,Ge,Ge,1,14,4,Cubic,
198,42417,P 21 3,Cr Ge,Cr,Cr,1,6,4,Ge,Ge,1,14,4,Cubic,
198,43054,P 21 3,Fe Ge,Fe,Fe,1,8,4,Ge,Ge,1,14,4,Cubic,
198,52963,P 21 3,Co Ge,Co,Co,1,9,4,Ge,Ge,1,14,4,Cubic,
198,53890,P 21 3,Rh Ge,Rh,Rh,1,9,5,Ge,Ge,1,14,4,Cubic,
198,57498,P 21 3,Al Au4,Al,Al,1,13,3,Au4,Au,4,11,6,Cubic,
198,58114,P 21 3,Al Pd,Al,Al,1,13,3,Pd,Pd,1,10,5,Cubic,
198,58129,P 21 3,Al Pt,Al,Al,1,13,3,Pt,Pt,1,10,6,Cubic,
198,58168,P 21 3,Al7 Sr8,Al7,Al,7,13,3,Sr8,Sr,8,2,5,Cubic,
198,58396,P 21 3,Au Be,Au,Au,1,11,6,Be,Be,1,2,2,Cubic,
198,58651,P 21 3,Ba8 Ga7,Ba8,Ba,8,2,6,Ga7,Ga,7,13,4,Cubic,
198,103975,P 21 3,Ga7 Sr8,Ga7,Ga,7,13,4,Sr8,Sr,8,2,5,Cubic,
198,104272,P 21 3,Hf Sn,Hf,Hf,1,4,6,Sn,Sn,1,14,5,Cubic,
198,105929,P 21 3,Rh Sn,Rh,Rh,1,9,5,Sn,Sn,1,14,5,Cubic,
198,26962,P 21 3,C O,C,C,1,14,2,O,O,1,16,2,Cubic,
198,604644,P 21 3,Ag3 Al,Ag3,Ag,3,11,5,Al,Al,1,13,3,Cubic,
198,606887,P 21 3,Al Cu4,Al,Al,1,13,3,Cu4,Cu,4,11,4,Cubic,
198,609140,P 21 3,Pt Al,Pt,Pt,1,10,6,Al,Al,1,13,3,Cubic,
198,609406,P 21 3,Sr2.7 Al2.3,Sr2.7,Sr,2.7,2,5,Al2.3,Al,2.3,13,3,Cubic,
198,609416,P 21 3,Sr3 Al2,Sr3,Sr,3,2,5,Al2,Al,2,13,3,Cubic,
198,635060,P 21 3,Pd Ga,Pd,Pd,1,10,5,Ga,Ga,1,13,4,Cubic,
198,635132,P 21 3,Pt Ga,Pt,Pt,1,10,6,Ga,Ga,1,13,4,Cubic,
198,635456,P 21 3,Sr Ga,Sr,Sr,1,2,5,Ga,Ga,1,13,4,Cubic,
198,636969,P 21 3,Mn Ge,Mn,Mn,1,7,4,Ge,Ge,1,14,4,Cubic,
198,638877,P 21 3,Hf Sb,Hf,Hf,1,4,6,Sb,Sb,1,15,5,Cubic,
198,642775,P 21 3,Mg Pt,Mg,Mg,1,2,3,Pt,Pt,1,10,6,Cubic,
198,652380,P 21 3,Tc Si,Tc,Tc,1,7,5,Si,Si,1,14,3,Cubic,
198,107692,P 21 3,Zr Sb,Zr,Zr,1,4,5,Sb,Sb,1,15,5,Cubic,
198,109237,P 21 3,Pt Mg,Pt,Pt,1,10,6,Mg,Mg,1,2,3,Cubic,
198,187621,P 21 3,Ni Si,Ni,Ni,1,10,4,Si,Si,1,14,3,Cubic,
198,100568,P 21 3,Pd F2,Pd,Pd,1,10,5,F2,F,2,17,2,Cubic,
198,194241,P 21 3,Na7.5 Si34,Na7.5,Na,7.5,1,3,Si34,Si,34,14,3,Cubic,
199,27990,I 21 3,Yb2 O3,Yb2,Yb,2,3,6,O3,O,3,16,2,Cubic,
199,27992,I 21 3,Er2 O3,Er2,Er,2,3,6,O3,O,3,16,2,Cubic,
199,27993,I 21 3,Ho2 O3,Ho2,Ho,2,3,6,O3,O,3,16,2,Cubic,
199,27994,I 21 3,Dy2 O3,Dy2,Dy,2,3,6,O3,O,3,16,2,Cubic,
199,27996,I 21 3,Gd2 O3,Gd2,Gd,2,3,6,O3,O,3,16,2,Cubic,
199,27997,I 21 3,Eu2 O3,Eu2,Eu,2,3,6,O3,O,3,16,2,Cubic,
199,27988,I 21 3,Tl2 O3,Tl2,Tl,2,13,6,O3,O,3,16,2,Cubic,
199,27741,I 21 3,Sm2 O3,Sm2,Sm,2,3,6,O3,O,3,16,2,Cubic,
199,31175,I 21 3,N2 O4,N2,N,2,15,2,O4,O,4,16,2,Cubic,
199,33646,I 21 3,Sc2 O3,Sc2,Sc,2,3,4,O3,O,3,16,2,Cubic,
199,33647,I 21 3,Mn2 O3,Mn2,Mn,2,7,4,O3,O,3,16,2,Cubic,
199,33648,I 21 3,Y2 O3,Y2,Y,2,3,5,O3,O,3,16,2,Cubic,
199,33649,I 21 3,In2 O3,In2,In,2,13,5,O3,O,3,16,2,Cubic,
199,33659,I 21 3,Lu2 O3,Lu2,Lu,2,3,6,O3,O,3,16,2,Cubic,
199,27995,I 21 3,Tb2 O3,Tb2,Tb,2,3,6,O3,O,3,16,2,Cubic,
199,33657,I 21 3,Tm2 O3,Tm2,Tm,2,3,6,O3,O,3,16,2,Cubic,
199,102712,I 21 3,Co U,Co,Co,1,9,4,U,U,1,3,7,Cubic,
199,625521,I 21 3,U Co,U,U,1,3,7,Co,Co,1,9,4,Cubic,
208,24485,P 42 3 2,Mg3 As2,Mg3,Mg,3,2,3,As2,As,2,15,4,Cubic,
208,24486,P 42 3 2,Zn3 As2,Zn3,Zn,3,12,4,As2,As,2,15,4,Cubic,
208,24487,P 42 3 2,Zn3 P2,Zn3,Zn,3,12,4,P2,P,2,15,3,Cubic,
208,24488,P 42 3 2,Cd3 P2,Cd3,Cd,3,12,5,P2,P,2,15,3,Cubic,
208,24498,P 42 3 2,P H3,P,P,1,15,3,H3,H,3,1,1,Cubic,
208,24499,P 42 3 2,As H3,As,As,1,15,4,H3,H,3,1,1,Cubic,
208,56167,P 42 3 2,Cd3 As2,Cd3,Cd,3,12,5,As2,As,2,15,4,Cubic,
211,639148,I 4 3 2,Hg4 Pt,Hg4,Hg,4,12,6,Pt,Pt,1,10,6,Cubic,
211,151197,I 4 3 2,Ni Hg4,Ni,Ni,1,10,4,Hg4,Hg,4,12,6,Cubic,
212,2218,P 43 3 2,Ba Si2,Ba,Ba,1,2,6,Si2,Si,2,14,3,Cubic,
212,2460,P 43 3 2,Sr Si2,Sr,Sr,1,2,5,Si2,Si,2,14,3,Cubic,
212,22177,P 43 3 2,V8 C7,V8,V,8,5,4,C7,C,7,14,2,Cubic,
212,60191,P 43 3 2,V C0.88,V,V,1,5,4,C0.88,C,0.88,14,2,Cubic,
212,79196,P 43 3 2,Fe21.34 O32,Fe21.34,Fe,21.34,8,4,O32,O,32,16,2,Cubic,
212,87119,P 43 3 2,Fe21.16 O31.92,Fe21.16,Fe,21.16,8,4,O31.92,O,31.92,16,2,Cubic,
212,407876,P 43 3 2,K6 Sn25,K6,K,6,1,4,Sn25,Sn,25,14,5,Cubic,
212,249048,P 43 3 2,Fe21.34 O26.67,Fe21.34,Fe,21.34,8,4,O26.67,O,26.67,16,2,Cubic,
212,250541,P 43 3 2,Fe2.12 O3.19,Fe2.12,Fe,2.12,8,4,O3.19,O,3.19,16,2,Cubic,
213,30373,P 41 3 2,Sr Si2,Sr,Sr,1,2,5,Si2,Si,2,14,3,Cubic,
213,90703,P 41 3 2,Ba24 Si100,Ba24,Ba,24,2,6,Si100,Si,100,14,3,Cubic,
213,91052,P 41 3 2,Ba24 Ge100,Ba24,Ba,24,2,6,Ge100,Ge,100,14,4,Cubic,
213,91224,P 41 3 2,Ba6 Ge24,Ba6,Ba,6,2,6,Ge24,Ge,24,14,4,Cubic,
213,52285,P 41 3 2,Cu0.83 Si0.17,Cu0.83,Cu,0.83,11,4,Si0.17,Si,0.17,14,3,Cubic,
213,92576,P 41 3 2,Ba6 Ge25,Ba6,Ba,6,2,6,Ge25,Ge,25,14,4,Cubic,
213,104862,P 41 3 2,Mg3 Ru2,Mg3,Mg,3,2,3,Ru2,Ru,2,8,5,Cubic,
213,106021,P 41 3 2,Ru Zn6,Ru,Ru,1,8,5,Zn6,Zn,6,12,4,Cubic,
213,608458,P 41 3 2,Mn0.75 Al0.25,Mn0.75,Mn,0.75,7,4,Al0.25,Al,0.25,13,3,Cubic,
213,608469,P 41 3 2,Mn0.4 Al0.6,Mn0.4,Mn,0.4,7,4,Al0.6,Al,0.6,13,3,Cubic,
213,612191,P 41 3 2,Nb3 Au2,Nb3,Nb,3,5,5,Au2,Au,2,11,6,Cubic,
213,612194,P 41 3 2,Nb11 Au9,Nb11,Nb,11,5,5,Au9,Au,9,11,6,Cubic,
213,612316,P 41 3 2,Au0.84 Si0.16,Au0.84,Au,0.84,11,6,Si0.16,Si,0.16,14,3,Cubic,
213,633212,P 41 3 2,Re0.6 Fe0.4,Re0.6,Re,0.6,7,6,Fe0.4,Fe,0.4,8,4,Cubic,
213,633213,P 41 3 2,Fe Re,Fe,Fe,1,8,4,Re,Re,1,7,6,Cubic,
213,634631,P 41 3 2,Mn17 Ga3,Mn17,Mn,17,7,4,Ga3,Ga,3,13,4,Cubic,
213,635637,P 41 3 2,V3 Ga2,V3,V,3,5,4,Ga2,Ga,2,13,4,Cubic,
213,643067,P 41 3 2,Mn0.85 Ni0.15,Mn0.85,Mn,0.85,7,4,Ni0.15,Ni,0.15,10,4,Cubic,
213,643934,P 41 3 2,Mn12 Zn8,Mn12,Mn,12,7,4,Zn8,Zn,8,12,4,Cubic,
213,108565,P 41 3 2,Fe2 Re3,Fe2,Fe,2,8,4,Re3,Re,3,7,6,Cubic,
213,54404,P 41 3 2,Nb11.04 Au8.96,Nb11.04,Nb,11.04,5,5,Au8.96,Au,8.96,11,6,Cubic,
213,163415,P 41 3 2,Mn0.85 Co0.15,Mn0.85,Mn,0.85,7,4,Co0.15,Co,0.15,9,4,Cubic,
213,163416,P 41 3 2,Mn0.75 Co0.25,Mn0.75,Mn,0.75,7,4,Co0.25,Co,0.25,9,4,Cubic,
213,163419,P 41 3 2,Mn0.6 Co0.4,Mn0.6,Mn,0.6,7,4,Co0.4,Co,0.4,9,4,Cubic,
213,165368,P 41 3 2,K7.4 Sn25,K7.4,K,7.4,1,4,Sn25,Sn,25,14,5,Cubic,
213,251023,P 41 3 2,Co2.61 Zn2.39,Co2.61,Co,2.61,9,4,Zn2.39,Zn,2.39,12,4,Cubic,
213,251024,P 41 3 2,Co2.50 Zn2.50,Co2.50,Co,2.5,9,4,Zn2.50,Zn,2.5,12,4,Cubic,
213,251025,P 41 3 2,Co2.42 Zn2.58,Co2.42,Co,2.42,9,4,Zn2.58,Zn,2.58,12,4,Cubic,
213,251026,P 41 3 2,Co2.37 Zn2.63,Co2.37,Co,2.37,9,4,Zn2.63,Zn,2.63,12,4,Cubic,
213,251027,P 41 3 2,Co2.6 Zn2.4,Co2.6,Co,2.6,9,4,Zn2.4,Zn,2.4,12,4,Cubic,
214,77704,I 41 3 2,U4 O9,U4,U,4,3,7,O9,O,9,16,2,Cubic,