Table No.,ICSD No.,Space Group,Struct.formula,,å≥ëf1,å≥ëf1êî,ë∞1,é¸ä˙1,,å≥ëf2,å≥ëf2êî,ë∞2,é¸ä˙2,èªån,,
1,2262,P 1,Be P2,Be,Be,1,2,2,P2,P,2,15,3,Triclinic,,
1,1440,F 1,Si O2,Si,Si,1,14,3,O2,O,2,16,2,Triclinic,,
1,10422,P 1,Fe S2,Fe,Fe,1,8,4,S2,S,2,16,3,Triclinic,,
1,23594,P 1,Au2 Te3,Au2,Au,2,11,6,Te3,Te,3,16,5,Triclinic,,
1,80966,P 1,Re Si1.75,Re,Re,1,7,6,Si1.75,Si,1.75,14,3,Triclinic,,
1,87183,P 1,K O2,K,K,1,1,4,O2,O,2,16,2,Triclinic,,
1,56383,P 1,Au1.89 Te2.95,Au1.89,Au,1.89,11,6,Te2.95,Te,2.95,16,5,Triclinic,,
1,56912,P 1,C20 H34,C20,C,20,14,2,H34,H,34,1,1,Triclinic,,
1,58908,P 1,Ca8 In3,Ca8,Ca,8,2,4,In3,In,3,13,5,Triclinic,,
1,73092,C 1,La Se,La,La,1,3,6,Se,Se,1,16,4,Triclinic,,
1,96968,P 1,Eu2.73 C70,Eu2.73,Eu,2.73,3,6,C70,C,70,14,2,Triclinic,,
1,97008,P 1,Ti O2,Ti,Ti,1,4,4,O2,O,2,16,2,Triclinic,,
1,98089,P 1,Sm2.78 C70,Sm2.78,Sm,2.78,3,6,C70,C,70,14,2,Triclinic,,
1,57447,P 1,Tb6 O11,Tb6,Tb,6,3,6,O11,O,11,16,2,Triclinic,,
1,612154,P 1,Au5 Mn2,Au5,Au,5,11,6,Mn2,Mn,2,7,4,Triclinic,,
1,653560,P 1,Ti5 O9,Ti5,Ti,5,4,4,O9,O,9,16,2,Triclinic,,
1,173014,P 1,Al2 O3,Al2,Al,2,13,3,O3,O,3,16,2,Triclinic,,
1,173430,P 1,Sm2 Te4.9,Sm2,Sm,2,3,6,Te4.9,Te,4.9,16,5,Triclinic,,
1,290279,P 1,Cu46 Sn37,Cu46,Cu,46,11,4,Sn37,Sn,37,14,5,Triclinic,,
1,150477,P 1,Fe7 Al11,Fe7,Fe,7,8,4,Al11,Al,11,13,3,Triclinic,,
1,150627,P 1,Ti Ni,Ti,Ti,1,4,4,Ni,Ni,1,10,4,Triclinic,,
1,150889,P 1,Fe2 N,Fe2,Fe,2,8,4,N,N,1,15,2,Triclinic,,
1,151402,P 1,Mg Zn,Mg,Mg,1,2,3,Zn,Zn,1,12,4,Triclinic,,
1,151403,P 1,Mg Zn5,Mg,Mg,1,2,3,Zn5,Zn,5,12,4,Triclinic,,
1,189404,P 1,Ir Te2,Ir,Ir,1,9,6,Te2,Te,2,16,5,Triclinic,,
1,261647,P 1,U16 O35,U16,U,16,3,7,O35,O,35,16,2,Triclinic,,
1,192248,P 1,Co Y3,Co,Co,1,9,4,Y3,Y,3,3,5,Triclinic,,
3,16605,P 1 2 1,Nb2 O5,Nb2,Nb,2,5,5,O5,O,5,16,2,Monoclinic,,
3,90150,P 1 2 1,Sm3 C70,Sm3,Sm,3,3,6,C70,C,70,14,2,Monoclinic,,
3,163247,P 1 1 2,Mn Si1.75,Mn,Mn,1,7,4,Si1.75,Si,1.75,14,3,Monoclinic,,
3,238656,P 1 2 1,As2 O3,As2,As,2,15,4,O3,O,3,16,2,Monoclinic,,
4,2523,P 1 21 1,Te2 O5,Te2,Te,2,16,5,O5,O,5,16,2,Monoclinic,,
4,9135,P 1 21 1,In6 Se7,In6,In,6,13,5,Se7,Se,7,16,4,Monoclinic,,
4,14314,P 1 21 1,U O3,U,U,1,3,7,O3,O,3,16,2,Monoclinic,,
4,16681,P 1 21 1,P4 S5,P4,P,4,15,3,S5,S,5,16,3,Monoclinic,,
4,36263,P 1 21 1,Mo O2,Mo,Mo,1,6,5,O2,O,2,16,2,Monoclinic,,
4,409180,P 1 21 1,Yb P5,Yb,Yb,1,3,6,P5,P,5,15,3,Monoclinic,,
4,43208,P 1 21 1,Pd4.5 P1.02,Pd4.5,Pd,4.5,10,5,P1.02,P,1.02,15,3,Monoclinic,,
4,43243,P 1 21 1,Ta Se3,Ta,Ta,1,5,6,Se3,Se,3,16,4,Monoclinic,,
4,56473,C 1 1 21,Si O2,Si,Si,1,14,3,O2,O,2,16,2,Monoclinic,,
4,56902,P 1 21 1,C14 H10,C14,C,14,14,2,H10,H,10,1,1,Monoclinic,,
4,56911,P 1 21 1,C19 H34,C19,C,19,14,2,H34,H,34,1,1,Monoclinic,,
4,87356,P 1 21 1,Yb2 S3,Yb2,Yb,2,3,6,S3,S,3,16,3,Monoclinic,,
4,104585,B 1 21 1,Ir U,Ir,Ir,1,9,6,U,U,1,3,7,Monoclinic,,
4,647920,P 1 21 1,Pd9 P2,Pd9,Pd,9,10,5,P2,P,2,15,3,Monoclinic,,
4,649811,P 1 21 1,Pt U,Pt,Pt,1,10,6,U,U,1,3,7,Monoclinic,,
4,424590,P 1 21 1,As S2,As,As,1,15,4,S2,S,2,16,3,Monoclinic,,
4,54976,P 1 21 1,Pd Bi,Pd,Pd,1,10,5,Bi,Bi,1,15,6,Monoclinic,,
4,150770,P 1 21 1,Cu3 Ge,Cu3,Cu,3,11,4,Ge,Ge,1,14,4,Monoclinic,,
4,154030,P 1 21 1,U Pt,U,U,1,3,7,Pt,Pt,1,10,6,Monoclinic,,
4,190010,P 1 21 1,Fe9.017 S10,Fe9.017,Fe,9.017,8,4,S10,S,10,16,3,Monoclinic,,
4,190011,P 1 21 1,Fe9.021 S10,Fe9.021,Fe,9.021,8,4,S10,S,10,16,3,Monoclinic,,
4,190012,P 1 21 1,Fe9.007 S10,Fe9.007,Fe,9.007,8,4,S10,S,10,16,3,Monoclinic,,
4,192247,P 1 1 21,Co Y3,Co,Co,1,9,4,Y3,Y,3,3,5,Monoclinic,,
4,238655,P 1 21 1,As2 O3,As2,As,2,15,4,O3,O,3,16,2,Monoclinic,,
5,16820,C 1 2 1,Mo As2,Mo,Mo,1,6,5,As2,As,2,15,4,Monoclinic,,
5,18143,C 1 2 1,Nb As2,Nb,Nb,1,5,5,As2,As,2,15,4,Monoclinic,,
5,23380,B 1 1 2,Cr2.8 Se4,Cr2.8,Cr,2.8,6,4,Se4,Se,4,16,4,Monoclinic,,
5,24672,C 1 2 1,Os O4,Os,Os,1,8,6,O4,O,4,16,2,Monoclinic,,
5,24881,I 1 2 1,Ta2 O5,Ta2,Ta,2,5,6,O5,O,5,16,2,Monoclinic,,
5,60913,C 1 2 1,V2 D0.923,V2,V,2,5,4,D0.923,D,0.923,1,1,Monoclinic,,
5,68712,C 1 2 1,Pb S,Pb,Pb,1,14,6,S,S,1,16,3,Monoclinic,,
5,68713,C 1 2 1,V S2,V,V,1,5,4,S2,S,2,16,3,Monoclinic,,
5,69043,C 1 2 1,Nb S2,Nb,Nb,1,5,5,S2,S,2,16,3,Monoclinic,,
5,66357,C 1 2 1,Ho S,Ho,Ho,1,3,6,S,S,1,16,3,Monoclinic,,
5,74446,C 1 2 1,Tl S,Tl,Tl,1,13,6,S,S,1,16,3,Monoclinic,,
5,82901,C 2 1 1,Ti1.057 S2,Ti1.057,Ti,1.057,4,4,S2,S,2,16,3,Monoclinic,,
5,83827,C 2 1 1,Sm S,Sm,Sm,1,3,6,S,S,1,16,3,Monoclinic,,
5,44042,C 1 2 1,Pd5 As,Pd5,Pd,5,10,5,As,As,1,15,4,Monoclinic,,
5,76694,I 1 2 1,Ni5 Sb2,Ni5,Ni,5,10,4,Sb2,Sb,2,15,5,Monoclinic,,
5,51176,C 1 2 1,Nb2 O5,Nb2,Nb,2,5,5,O5,O,5,16,2,Monoclinic,,
5,77958,C 1 2 1,Ni5 Ge3,Ni5,Ni,5,10,4,Ge3,Ge,3,14,4,Monoclinic,,
5,53749,C 1 2 1,Ni19 Ge12,Ni19,Ni,19,10,4,Ge12,Ge,12,14,4,Monoclinic,,
5,52311,C 1 2 1,Ta Sb2,Ta,Ta,1,5,6,Sb2,Sb,2,15,5,Monoclinic,,
5,611576,C 1 2 1,W As2,W,W,1,6,6,As2,As,2,15,4,Monoclinic,,
5,637537,C 1 2 1,Pd5 Ge,Pd5,Pd,5,10,5,Ge,Ge,1,14,4,Monoclinic,,
5,648187,C 1 2 1,Ta P2,Ta,Ta,1,5,6,P2,P,2,15,3,Monoclinic,,
5,648361,C 1 2 1,Pd5 Pb3,Pd5,Pd,5,10,5,Pb3,Pb,3,14,6,Monoclinic,,
5,107966,C 1 2 1,Ta As2,Ta,Ta,1,5,6,As2,As,2,15,4,Monoclinic,,
5,150126,C 1 2 1,Cu5 Sn4,Cu5,Cu,5,11,4,Sn4,Sn,4,14,5,Monoclinic,,
5,400887,C 1 2 1,Mo4 Al17,Mo4,Mo,4,6,5,Al17,Al,17,13,3,Monoclinic,,
5,380385,C 1 2 1,W15 I47,W15,W,15,6,6,I47,I,47,17,5,Monoclinic,,
5,262212,A 1 1 2,Y6 S11.05,Y6,Y,6,3,5,S11.05,S,11.05,16,3,Monoclinic,,
6,15058,P 1 m 1,Mo8 P5,Mo8,Mo,8,6,5,P5,P,5,15,3,Monoclinic,,
6,39755,P 1 m 1,Nb2 C,Nb2,Nb,2,5,5,C,C,1,14,2,Monoclinic,,
6,56386,P 1 m 1,Fe Ni,Fe,Fe,1,8,4,Ni,Ni,1,10,4,Monoclinic,,
6,76578,P 1 m 1,Nb Se3,Nb,Nb,1,5,5,Se3,Se,3,16,4,Monoclinic,,
6,54341,P 1 m 1,Mn2 Nd,Mn2,Mn,2,7,4,Nd,Nd,1,3,6,Monoclinic,,
6,161458,P 1 m 1,Ni Ti,Ni,Ni,1,10,4,Ti,Ti,1,4,4,Monoclinic,,
7,36294,P 1 a 1,Pb2 O3.333,Pb2,Pb,2,14,6,O3.333,O,3.333,16,2,Monoclinic,,
7,50338,P 1 c 1,H2 S,H2,H,2,1,1,S,S,1,16,3,Monoclinic,,
7,84139,P 1 c 1,W O3,W,W,1,6,6,O3,O,3,16,2,Monoclinic,,
7,202203,P 1 c 1,Mo8 O23,Mo8,Mo,8,6,5,O23,O,23,16,2,Monoclinic,,
7,90911,P 1 c 1,La Te2,La,La,1,3,6,Te2,Te,2,16,5,Monoclinic,,
7,56761,P 1 1 b,Eu4 Cl9,Eu4,Eu,4,3,6,Cl9,Cl,9,17,3,Monoclinic,,
7,56762,P 1 1 b,Nd4 Br9,Nd4,Nd,4,3,6,Br9,Br,9,17,4,Monoclinic,,
7,281619,P 1 c 1,V6 O13,V6,V,6,5,4,O13,O,13,16,2,Monoclinic,,
7,44,P 1 c 1,Ge S2,Ge,Ge,1,14,4,S2,S,2,16,3,Monoclinic,,
7,30905,P 1 c 1,Au Te2,Au,Au,1,11,6,Te2,Te,2,16,5,Monoclinic,,
7,414139,P 1 c 1,Ba As2,Ba,Ba,1,2,6,As2,As,2,15,4,Monoclinic,,
7,414303,P 1 c 1,Ga9 Ir2,Ga9,Ga,9,13,4,Ir2,Ir,2,9,6,Monoclinic,,
7,414305,P 1 c 1,Ga9 Rh2,Ga9,Ga,9,13,4,Rh2,Rh,2,9,5,Monoclinic,,
7,108265,P 1 c 1,Ce Se2,Ce,Ce,1,3,6,Se2,Se,2,16,4,Monoclinic,,
7,249931,P 1 n 1,Cd154 Sb120,Cd154,Cd,154,12,5,Sb120,Sb,120,15,5,Monoclinic,,
7,260098,P 1 n 1,Cd13 Sb10,Cd13,Cd,13,12,5,Sb10,Sb,10,15,5,Monoclinic,,
7,260099,P 1 n 1,Cd12.5 Sb10,Cd12.5,Cd,12.5,12,5,Sb10,Sb,10,15,5,Monoclinic,,
8,9320,C 1 m 1,Gd2 Cl3,Gd2,Gd,2,3,6,Cl3,Cl,3,17,3,Monoclinic,,
8,26563,C 1 m 1,Ag3 P11,Ag3,Ag,3,11,5,P11,P,11,15,3,Monoclinic,,
8,60512,C 1 m 1,V2 D,V2,V,2,5,4,D,D,1,1,1,Monoclinic,,
8,67475,C 1 m 1,Y4.682 Se7,Y4.682,Y,4.682,3,5,Se7,Se,7,16,4,Monoclinic,,
8,66761,C 1 m 1,Cr4 As3,Cr4,Cr,4,6,4,As3,As,3,15,4,Monoclinic,,
8,410920,I 1 m 1,Na2 B29,Na2,Na,2,1,3,B29,B,29,13,2,Monoclinic,,
8,93110,A 1 m 1,Nb12 O29,Nb12,Nb,12,5,5,O29,O,29,16,2,Monoclinic,,
8,58000,C 1 m 1,Al4 Mo,Al4,Al,4,13,3,Mo,Mo,1,6,5,Monoclinic,,
8,95440,C 1 m 1,Co O2,Co,Co,1,9,4,O2,O,2,16,2,Monoclinic,,
8,412686,C 1 m 1,Pr8.303 Sb20.03,Pr8.303,Pr,8.303,3,6,Sb20.03,Sb,20.03,15,5,Monoclinic,,
8,412687,C 1 m 1,Nd8.303 Sb19.98,Nd8.303,Nd,8.303,3,6,Sb19.98,Sb,19.98,15,5,Monoclinic,,
8,58205,C 1 m 1,Al4 W,Al4,Al,4,13,3,W,W,1,6,6,Monoclinic,,
8,105517,C 1 m 1,Al3 Mo,Al3,Al,3,13,3,Mo,Mo,1,6,5,Monoclinic,,
8,61423,C 1 m 1,V2 H,V2,V,2,5,4,H,H,1,1,1,Monoclinic,,
8,57599,C 1 m 1,Al11.8 Co4,Al11.8,Al,11.8,13,3,Co4,Co,4,9,4,Monoclinic,,
8,609483,C 1 m 1,Tc Al4,Tc,Tc,1,7,5,Al4,Al,4,13,3,Monoclinic,,
8,170561,C 1 m 1,Si O2,Si,Si,1,14,3,O2,O,2,16,2,Monoclinic,,
8,151529,C 1 m 1,Re4 Si7,Re4,Re,4,7,6,Si7,Si,7,14,3,Monoclinic,,
8,167598,C 1 m 1,Zr Cu,Zr,Zr,1,4,5,Cu,Cu,1,11,4,Monoclinic,,
8,185336,C 1 m 1,Re Si1.75,Re,Re,1,7,6,Si1.75,Si,1.75,14,3,Monoclinic,,
9,501,C 1 c 1,In2 Te5,In2,In,2,13,5,Te5,Te,5,16,5,Monoclinic,,
9,14152,C 1 c 1,Ti0.685 S,Ti0.685,Ti,0.685,4,4,S,S,1,16,3,Monoclinic,,
9,14153,C 1 c 1,Ti0.662 S,Ti0.662,Ti,0.662,4,4,S,S,1,16,3,Monoclinic,,
9,176,C 1 c 1,Si O2,Si,Si,1,14,3,O2,O,2,16,2,Monoclinic,,
9,1996,F 1 d 1,Fe11 S12,Fe11,Fe,11,8,4,S12,S,12,16,3,Monoclinic,,
9,488,B 1 1 b,Ga2 S3,Ga2,Ga,2,13,4,S3,S,3,16,3,Monoclinic,,
9,35028,C 1 c 1,Ga2 Se3,Ga2,Ga,2,13,4,Se3,Se,3,16,4,Monoclinic,,
9,69757,C 1 c 1,Cu O,Cu,Cu,1,11,4,O,O,1,16,2,Monoclinic,,
9,42015,I 1 a 1,La P2,La,La,1,3,6,P2,P,2,15,3,Monoclinic,,
9,280294,C 1 c 1,La As2,La,La,1,3,6,As2,As,2,15,4,Monoclinic,,
9,95694,C 1 c 1,C60 F18,C60,C,60,14,2,F18,F,18,17,2,Monoclinic,,
9,391073,C 1 c 1,P3 N5,P3,P,3,15,3,N5,N,5,15,2,Monoclinic,,
9,14373,C 1 c 1,Al2 Se3,Al2,Al,2,13,3,Se3,Se,3,16,4,Monoclinic,,
9,15899,C 1 c 1,V3 O5,V3,V,3,5,4,O5,O,5,16,2,Monoclinic,,
9,26282,C 1 c 1,Tl2 Te3,Tl2,Tl,2,13,6,Te3,Te,3,16,5,Monoclinic,,
9,621753,C 1 c 1,Ce P2,Ce,Ce,1,3,6,P2,P,2,15,3,Monoclinic,,
9,261955,C 1 c 1,H N3,H,H,1,1,1,N3,N,3,15,2,Monoclinic,,
9,251996,C 1 c 1,Mn P4,Mn,Mn,1,7,4,P4,P,4,15,3,Monoclinic,,
9,239213,C 1 c 1,C100 Cl22,C100,C,100,14,2,Cl22,Cl,22,17,3,Monoclinic,,
9,252266,C 1 c 1,Fe3 O4,Fe3,Fe,3,8,4,O4,O,4,16,2,Monoclinic,,
25,10021,P m m 2,In Sb,In,In,1,13,5,Sb,Sb,1,15,5,Orthorhombic,,
25,9112,P 2 m m,Ta2 O5,Ta2,Ta,2,5,6,O5,O,5,16,2,Orthorhombic,,
25,20375,P m 2 m,Ti Si,Ti,Ti,1,4,4,Si,Si,1,14,3,Orthorhombic,,
25,38820,P m 2 m,Ag3 Sb,Ag3,Ag,3,11,5,Sb,Sb,1,15,5,Orthorhombic,,
25,64698,P m m 2,Ag3.15 Sb0.85,Ag3.15,Ag,3.15,11,5,Sb0.85,Sb,0.85,15,5,Orthorhombic,,
25,43951,P m m 2,Ga As,Ga,Ga,1,13,4,As,As,1,15,4,Orthorhombic,,
25,64716,P m m 2,Sb Ag3,Sb,Sb,1,15,5,Ag3,Ag,3,11,5,Orthorhombic,,
25,108237,P m m 2,Cd Te,Cd,Cd,1,12,5,Te,Te,1,16,5,Orthorhombic,,
25,151216,P 2 m m,Al Cu3,Al,Al,1,13,3,Cu3,Cu,3,11,4,Orthorhombic,,
26,15021,P m c 21,Tl P5,Tl,Tl,1,13,6,P5,P,5,15,3,Orthorhombic,,
26,36295,P 21 a m,Pb2 O3,Pb2,Pb,2,14,6,O3,O,3,16,2,Orthorhombic,,
26,35002,P m c 21,Fe3 O4,Fe3,Fe,3,8,4,O4,O,4,16,2,Orthorhombic,,
26,58629,P m c 21,Au5 Zn3,Au5,Au,5,11,6,Zn3,Zn,3,12,4,Orthorhombic,,
26,99273,P m c 21,Ni1.297 Te,Ni1.297,Ni,1.297,10,4,Te,Te,1,16,5,Orthorhombic,,
26,99464,P m c 21,Se O2,Se,Se,1,16,4,O2,O,2,16,2,Orthorhombic,,
27,42434,P c c 2,V4 D2.88,V4,V,4,5,4,D2.88,D,2.88,1,1,Orthorhombic,,
28,38213,P m a 2,Au Te2,Au,Au,1,11,6,Te2,Te,2,16,5,Orthorhombic,,
28,9873,P m a 2,Tl F,Tl,Tl,1,13,6,F,F,1,17,2,Orthorhombic,,
28,99272,P m a 2,Ni2.88 Te2,Ni2.88,Ni,2.88,10,4,Te2,Te,2,16,5,Orthorhombic,,
29,15998,P c a 21,S8 O,S8,S,8,16,3,O,O,1,16,2,Orthorhombic,,
29,39461,P c a 21,Mo1.93 C0.96,Mo1.93,Mo,1.93,6,5,C0.96,C,0.96,14,2,Orthorhombic,,
29,36250,P c a 21,Pb O,Pb,Pb,1,14,6,O,O,1,16,2,Orthorhombic,,
29,41401,P c a 21,Fe S2,Fe,Fe,1,8,4,S2,S,2,16,3,Orthorhombic,,
29,67004,P b c 21,Zr O2,Zr,Zr,1,4,5,O2,O,2,16,2,Orthorhombic,,
29,42078,P c a 21,Ni6 Se5,Ni6,Ni,6,10,4,Se5,Se,5,16,4,Orthorhombic,,
29,93460,P c a 21,Ge4 Se9,Ge4,Ge,4,14,4,Se9,Se,9,16,4,Orthorhombic,,
29,155810,P b c 21,Mg H2,Mg,Mg,1,2,3,H2,H,2,1,1,Orthorhombic,,
29,182302,P b c 21,As S,As,As,1,15,4,S,S,1,16,3,Orthorhombic,,
30,415892,P c n 2,Cs1.34 Zn16,Cs1.34,Cs,1.34,1,6,Zn16,Zn,16,12,4,Orthorhombic,,
31,14348,P n m 21,W Te2,W,W,1,6,6,Te2,Te,2,16,5,Orthorhombic,,
31,15984,P m n 21,V2 O5,V2,V,2,5,4,O5,O,5,16,2,Orthorhombic,,
31,20624,P m 21 n,Sn O,Sn,Sn,1,14,5,O,O,1,16,2,Orthorhombic,,
31,24807,P m n 21,Zr I2,Zr,Zr,1,4,5,I2,I,2,17,5,Orthorhombic,,
31,63536,P n 21 m,Te I4,Te,Te,1,16,5,I4,I,4,17,5,Orthorhombic,,
31,85302,P 21 n m,Sb2 S3,Sb2,Sb,2,15,5,S3,S,3,16,3,Orthorhombic,,
31,86207,P m n 21,Si32 O64,Si32,Si,32,14,3,O64,O,64,16,2,Orthorhombic,,
31,104638,P m n 21,Al13 Co4,Al13,Al,13,13,3,Co4,Co,4,9,4,Orthorhombic,,
31,238947,P m n 21,Zn8 Sb7,Zn8,Zn,8,12,4,Sb7,Sb,7,15,5,Orthorhombic,,
32,4111,P b a 2,Mo17 O47,Mo17,Mo,17,6,5,O47,O,47,16,2,Orthorhombic,,
33,860,P n a 21,Cs4 O,Cs4,Cs,4,1,6,O,O,1,16,2,Orthorhombic,,
33,1692,P n a 21,Zn Cl2,Zn,Zn,1,12,4,Cl2,Cl,2,17,3,Orthorhombic,,
33,15009,P n a 21,Fe As,Fe,Fe,1,8,4,As,As,1,15,4,Orthorhombic,,
33,15057,P n a 21,Fe P,Fe,Fe,1,8,4,P,P,1,15,3,Orthorhombic,,
33,15390,P 21 n b,S3 O9,S3,S,3,16,3,O9,O,9,16,2,Orthorhombic,,
33,16140,P n 21 a,P4 Se5,P4,P,4,15,3,Se5,Se,5,16,4,Orthorhombic,,
33,18185,P 21 n b,S O3,S,S,1,16,3,O3,O,3,16,2,Orthorhombic,,
33,4109,P n a 21,Sb2 O4,Sb2,Sb,2,15,5,O4,O,4,16,2,Orthorhombic,,
33,15065,P n a 21,Co As,Co,Co,1,9,4,As,As,1,15,4,Orthorhombic,,
33,2866,P n 21 a,Bi Cl3,Bi,Bi,1,15,6,Cl3,Cl,3,17,3,Orthorhombic,,
33,23620,P b n 21,Li P5,Li,Li,1,1,2,P5,P,5,15,3,Orthorhombic,,
33,26199,P n a 21,Cd P2,Cd,Cd,1,12,5,P2,P,2,15,3,Orthorhombic,,
33,30539,P n 21 a,Ce S2,Ce,Ce,1,3,6,S2,S,2,16,3,Orthorhombic,,
33,31973,P n a 21,Nb2 C,Nb2,Nb,2,5,5,C,C,1,14,2,Orthorhombic,,
33,32734,P 21 c n,Nb6 I11,Nb6,Nb,6,5,5,I11,I,11,17,5,Orthorhombic,,
33,35132,P n 21 a,As F3,As,As,1,15,4,F3,F,3,17,2,Orthorhombic,,
33,34370,P n 21 a,Si O2,Si,Si,1,14,3,O2,O,2,16,2,Orthorhombic,,
33,50198,P c 21 n,Br2 O,Br2,Br,2,17,4,O,O,1,16,2,Orthorhombic,,
33,41115,P n 21 a,U Te5,U,U,1,3,7,Te5,Te,5,16,5,Orthorhombic,,
33,78945,P n a 21,Zr3 N4,Zr3,Zr,3,4,5,N4,N,4,15,2,Orthorhombic,,
33,84375,P n a 21,Al2 O3,Al2,Al,2,13,3,O3,O,3,16,2,Orthorhombic,,
33,201573,P n 21 a,Mo4 O11,Mo4,Mo,4,6,5,O11,O,11,16,2,Orthorhombic,,
33,201710,P n a 21,B12 H16,B12,B,12,13,2,H16,H,16,1,1,Orthorhombic,,
33,42445,P n a 21,V As,V,V,1,5,4,As,As,1,15,4,Orthorhombic,,
33,51122,P n a 21,Fe2 O3,Fe2,Fe,2,8,4,O3,O,3,16,2,Orthorhombic,,
33,91283,P n 21 a,Li2 S,Li2,Li,2,1,2,S,S,1,16,3,Orthorhombic,,
33,56808,P n 21 a,In2 Br3,In2,In,2,13,5,Br3,Br,3,17,4,Orthorhombic,,
33,105513,P n a 21,Al2.814 Mn1.186,Al2.814,Al,2.814,13,3,Mn1.186,Mn,1.186,7,4,Orthorhombic,,
33,647389,P n a 21,Sb O2,Sb,Sb,1,15,5,O2,O,2,16,2,Orthorhombic,,
33,650835,P n a 21,Sc2 S3,Sc2,Sc,2,3,4,S3,S,3,16,3,Orthorhombic,,
33,656243,P n 21 a,La S2,La,La,1,3,6,S2,S,2,16,3,Orthorhombic,,
33,416320,P c 21 n,Xe F6,Xe,Xe,1,18,5,F6,F,6,17,2,Orthorhombic,,
33,249579,P c 21 n,Er12.887 Zn58.817,Er12.887,Er,12.887,3,6,Zn58.817,Zn,58.817,12,4,Orthorhombic,,
33,249580,P c 21 n,Tm12.88 Zn58.64,Tm12.88,Tm,12.88,3,6,Zn58.64,Zn,58.64,12,4,Orthorhombic,,
33,249581,P c 21 n,Lu12.713 Zn58.534,Lu12.713,Lu,12.713,3,6,Zn58.534,Zn,58.534,12,4,Orthorhombic,,
33,431149,P n a 21,W5 I16,W5,W,5,6,6,I16,I,16,17,5,Orthorhombic,,
34,15003,P n n 2,Fe Sb2,Fe,Fe,1,8,4,Sb2,Sb,2,15,5,Orthorhombic,,
34,42726,P n n 2,Fe S2,Fe,Fe,1,8,4,S2,S,2,16,3,Orthorhombic,,
34,42727,P n n 2,Fe Te2,Fe,Fe,1,8,4,Te2,Te,2,16,5,Orthorhombic,,
34,42728,P n n 2,Co Te2,Co,Co,1,9,4,Te2,Te,2,16,5,Orthorhombic,,
34,628781,P n n 2,Cu S2,Cu,Cu,1,11,4,S2,S,2,16,3,Orthorhombic,,
34,646409,P n n 2,Ni Sb2,Ni,Ni,1,10,4,Sb2,Sb,2,15,5,Orthorhombic,,
35,71912,C m m 2,W O1.09,W,W,1,6,6,O1.09,O,1.09,16,2,Orthorhombic,,
36,1263,C m c 21,K2 S3,K2,K,2,1,4,S3,S,3,16,3,Orthorhombic,,
36,1264,C m c 21,K2 Se3,K2,K,2,1,4,Se3,Se,3,16,4,Orthorhombic,,
36,1940,B m 21 b,D F,D,D,1,1,1,F,F,1,17,2,Orthorhombic,,
36,2432,C m c 21,In Cl,In,In,1,13,5,Cl,Cl,1,17,3,Orthorhombic,,
36,2596,C m c 21,Cr I2,Cr,Cr,1,6,4,I2,I,2,17,5,Orthorhombic,,
36,14092,C m c 21,Rb2 S3,Rb2,Rb,2,1,5,S3,S,3,16,3,Orthorhombic,,
36,14093,C m c 21,Rb2 Se3,Rb2,Rb,2,1,5,Se3,Se,3,16,4,Orthorhombic,,
36,14094,C m c 21,Cs2 S3,Cs2,Cs,2,1,6,S3,S,3,16,3,Orthorhombic,,
36,14095,C m c 21,Cs2 Se3,Cs2,Cs,2,1,6,Se3,Se,3,16,4,Orthorhombic,,
36,22120,C c m 21,I Br,I,I,1,17,5,Br,Br,1,17,4,Orthorhombic,,
36,22242,C m c 21,Hg I2,Hg,Hg,1,12,6,I2,I,2,17,5,Orthorhombic,,
36,23724,C m c 21,Si P,Si,Si,1,14,3,P,P,1,15,3,Orthorhombic,,
36,23916,C m c 21,Nb I4,Nb,Nb,1,5,5,I4,I,4,17,5,Orthorhombic,,
36,27037,B b 21 m,D Cl,D,D,1,1,1,Cl,Cl,1,17,3,Orthorhombic,,
36,27055,B b 21 m,D Br,D,D,1,1,1,Br,Br,1,17,4,Orthorhombic,,
36,26279,C m c 21,Pd2 As,Pd2,Pd,2,10,5,As,As,1,15,4,Orthorhombic,,
36,30290,C m c 21,Hg Br2,Hg,Hg,1,12,6,Br2,Br,2,17,4,Orthorhombic,,
36,31689,C m c 21,Br F3,Br,Br,1,17,4,F3,F,3,17,2,Orthorhombic,,
36,31690,C m c 21,Br F5,Br,Br,1,17,4,F5,F,5,17,2,Orthorhombic,,
36,34685,C c m 21,B2 O3,B2,B,2,13,2,O3,O,3,16,2,Orthorhombic,,
36,35295,C m c 21,Ba P10,Ba,Ba,1,2,6,P10,P,10,15,3,Orthorhombic,,
36,37222,C m c 21,Mo P2,Mo,Mo,1,6,5,P2,P,2,15,3,Orthorhombic,,
36,60619,C m c 21,Sn O,Sn,Sn,1,14,5,O,O,1,16,2,Orthorhombic,,
36,47199,C m c 21,D2 O,D2,D,2,1,1,O,O,1,16,2,Orthorhombic,,
36,61178,C m c 21,Si O2,Si,Si,1,14,3,O2,O,2,16,2,Orthorhombic,,
36,66120,C m c 21,Ni As,Ni,Ni,1,10,4,As,As,1,15,4,Orthorhombic,,
36,68968,C m c 21,Nb S2,Nb,Nb,1,5,5,S2,S,2,16,3,Orthorhombic,,
36,68969,C m c 21,Pb S,Pb,Pb,1,14,6,S,S,1,16,3,Orthorhombic,,
36,73251,C m c 21,Mn3 As2,Mn3,Mn,3,7,4,As2,As,2,15,4,Orthorhombic,,
36,73252,C m c 21,Mn5 As4,Mn5,Mn,5,7,4,As4,As,4,15,4,Orthorhombic,,
36,83918,C m c 21,Er Ge1.835,Er,Er,1,3,6,Ge1.835,Ge,1.835,14,4,Orthorhombic,,
36,83919,C m c 21,Er Ge1.82,Er,Er,1,3,6,Ge1.82,Ge,1.82,14,4,Orthorhombic,,
36,43561,C m c 21,Ni3 Si2,Ni3,Ni,3,10,4,Si2,Si,2,14,3,Orthorhombic,,
36,43253,C m c 21,B6 H10,B6,B,6,13,2,H10,H,10,1,1,Orthorhombic,,
36,42628,C m c 21,Ir B0.9,Ir,Ir,1,9,6,B0.9,B,0.9,13,2,Orthorhombic,,
36,53244,C m c 21,Cs2 Te3,Cs2,Cs,2,1,6,Te3,Te,3,16,5,Orthorhombic,,
36,56279,C m c 21,Pd Bi,Pd,Pd,1,10,5,Bi,Bi,1,15,6,Orthorhombic,,
36,77889,C m c 21,Pd2 Sb,Pd2,Pd,2,10,5,Sb,Sb,1,15,5,Orthorhombic,,
36,53362,C m c 21,Dy Ge1.85,Dy,Dy,1,3,6,Ge1.85,Ge,1.85,14,4,Orthorhombic,,
36,58459,C m c 21,Au2 Ga,Au2,Au,2,11,6,Ga,Ga,1,13,4,Orthorhombic,,
36,37223,C m c 21,W P2,W,W,1,6,6,P2,P,2,15,3,Orthorhombic,,
36,57352,C m c 21,Ag Ca,Ag,Ag,1,11,5,Ca,Ca,1,2,4,Orthorhombic,,
36,403106,C m c 21,Al32.386 Cr8.75,Al32.386,Al,32.386,13,3,Cr8.75,Cr,8.75,6,4,Orthorhombic,,
36,412350,C m c 21,Zn171.43 Mg100.57,Zn171.43,Zn,171.43,12,4,Mg100.57,Mg,100.57,2,3,Orthorhombic,,
36,637973,C m c 21,Tb Ge1.85,Tb,Tb,1,3,6,Ge1.85,Ge,1.85,14,4,Orthorhombic,,
36,150550,C c m 21,Fe Al6,Fe,Fe,1,8,4,Al6,Al,6,13,3,Orthorhombic,,
36,162441,C m c 21,Si6 O12,Si6,Si,6,14,3,O12,O,12,16,2,Orthorhombic,,
36,188064,C m c 21,Ni P,Ni,Ni,1,10,4,P,P,1,15,3,Orthorhombic,,
36,421464,C m c 21,Sc9 Te2,Sc9,Sc,9,3,4,Te2,Te,2,16,5,Orthorhombic,,
36,240774,C c m 21,Pd32 Cd108,Pd32,Pd,32,10,5,Cd108,Cd,108,12,5,Orthorhombic,,
36,424850,C m c 21,Br Cl,Br,Br,1,17,4,Cl,Cl,1,17,3,Orthorhombic,,
36,424502,C m c 21,Cl N3,Cl,Cl,1,17,3,N3,N,3,15,2,Orthorhombic,,
36,251584,C m c 21,Ba14 Ge78,Ba14,Ba,14,2,6,Ge78,Ge,78,14,4,Orthorhombic,,
38,15567,C 2 m m,U O3,U,U,1,3,7,O3,O,3,16,2,Orthorhombic,,
38,16559,A m m 2,U3 O8,U3,U,3,3,7,O8,O,8,16,2,Orthorhombic,,
38,29332,A m m 2,U13 O34,U13,U,13,3,7,O34,O,34,16,2,Orthorhombic,,
38,60057,A m m 2,Cu64 O,Cu64,Cu,64,11,4,O,O,1,16,2,Orthorhombic,,
38,67443,C m 2 m,Nb S2,Nb,Nb,1,5,5,S2,S,2,16,3,Orthorhombic,,
38,67650,B 2 m m,Bi S,Bi,Bi,1,15,6,S,S,1,16,3,Orthorhombic,,
38,74335,C m 2 m,Nb Se2,Nb,Nb,1,5,5,Se2,Se,2,16,4,Orthorhombic,,
38,79130,C 2 m m,Ta S2,Ta,Ta,1,5,6,S2,S,2,16,3,Orthorhombic,,
38,79373,C m 2 m,Nb1.076 S2,Nb1.076,Nb,1.076,5,5,S2,S,2,16,3,Orthorhombic,,
38,43498,C 2 m m,Ta2 O5,Ta2,Ta,2,5,6,O5,O,5,16,2,Orthorhombic,,
38,411069,A m m 2,Gd8 Se15,Gd8,Gd,8,3,6,Se15,Se,15,16,4,Orthorhombic,,
38,51547,A m m 2,Nd Te1.851,Nd,Nd,1,3,6,Te1.851,Te,1.851,16,5,Orthorhombic,,
38,58545,A m m 2,Au3 Mg,Au3,Au,3,11,6,Mg,Mg,1,2,3,Orthorhombic,,
38,58614,A m m 2,Au2 V,Au2,Au,2,11,6,V,V,1,5,4,Orthorhombic,,
38,103093,A m m 2,Cu11 Sb3,Cu11,Cu,11,11,4,Sb3,Sb,3,15,5,Orthorhombic,,
38,103392,A m m 2,Eu3 Ga5,Eu3,Eu,3,3,6,Ga5,Ga,5,13,4,Orthorhombic,,
38,104135,A m m 2,Gd Sn3,Gd,Gd,1,3,6,Sn3,Sn,3,14,5,Orthorhombic,,
38,105968,A m m 2,Rh5 V3,Rh5,Rh,5,9,5,V3,V,3,5,4,Orthorhombic,,
38,54240,A m m 2,Dy S1.765,Dy,Dy,1,3,6,S1.765,S,1.765,16,3,Orthorhombic,,
38,62764,A m m 2,Cu8 O,Cu8,Cu,8,11,4,O,O,1,16,2,Orthorhombic,,
38,602788,A m m 2,Y Sn3,Y,Y,1,3,5,Sn3,Sn,3,14,5,Orthorhombic,,
38,602855,A m m 2,Dy Sn3,Dy,Dy,1,3,6,Sn3,Sn,3,14,5,Orthorhombic,,
38,602856,A m m 2,Ho Sn3,Ho,Ho,1,3,6,Sn3,Sn,3,14,5,Orthorhombic,,
38,602857,A m m 2,Er Sn3,Er,Er,1,3,6,Sn3,Sn,3,14,5,Orthorhombic,,
38,602858,A m m 2,Tm Sn3,Tm,Tm,1,3,6,Sn3,Sn,3,14,5,Orthorhombic,,
38,602880,A m m 2,Tb Sn3,Tb,Tb,1,3,6,Sn3,Sn,3,14,5,Orthorhombic,,
38,652736,A m m 2,Tb4 Sn11,Tb4,Tb,4,3,6,Sn11,Sn,11,14,5,Orthorhombic,,
38,171674,A m m 2,Si O2,Si,Si,1,14,3,O2,O,2,16,2,Orthorhombic,,
38,154695,A m m 2,Pt29 Zn49,Pt29,Pt,29,10,6,Zn49,Zn,49,12,4,Orthorhombic,,
38,417084,A m m 2,Tb8 Se14.8,Tb8,Tb,8,3,6,Se14.8,Se,14.8,16,4,Orthorhombic,,
38,417082,A m m 2,Dy8 Se14.8,Dy8,Dy,8,3,6,Se14.8,Se,14.8,16,4,Orthorhombic,,
38,417080,A m m 2,Ho8 Se14.6,Ho8,Ho,8,3,6,Se14.6,Se,14.6,16,4,Orthorhombic,,
38,417079,A m m 2,Ho8 Se15,Ho8,Ho,8,3,6,Se15,Se,15,16,4,Orthorhombic,,
38,417078,A m m 2,Er8 Se14.8,Er8,Er,8,3,6,Se14.8,Se,14.8,16,4,Orthorhombic,,
38,417076,A m m 2,Y8 Se14.8,Y8,Y,8,3,5,Se14.8,Se,14.8,16,4,Orthorhombic,,
38,261001,A m m 2,Er3 Si5,Er3,Er,3,3,6,Si5,Si,5,14,3,Orthorhombic,,
39,981,A b m 2,Fe0.856 O,Fe0.856,Fe,0.856,8,4,O,O,1,16,2,Orthorhombic,,
39,67442,C 2 m b,Sn S,Sn,Sn,1,14,5,S,S,1,16,3,Orthorhombic,,
39,68701,C m 2 a,Pb S,Pb,Pb,1,14,6,S,S,1,16,3,Orthorhombic,,
39,69581,C m 2 a,La S,La,La,1,3,6,S,S,1,16,3,Orthorhombic,,
39,69583,C m 2 a,Ce S,Ce,Ce,1,3,6,S,S,1,16,3,Orthorhombic,,
39,71143,A b m 2,Ta3 S2,Ta3,Ta,3,5,6,S2,S,2,16,3,Orthorhombic,,
39,71338,C m 2 a,Sn Se,Sn,Sn,1,14,5,Se,Se,1,16,4,Orthorhombic,,
39,202880,A b m 2,Ta3 S1.8,Ta3,Ta,3,5,6,S1.8,S,1.8,16,3,Orthorhombic,,
39,105473,A b m 2,Ni Zn3,Ni,Ni,1,10,4,Zn3,Zn,3,12,4,Orthorhombic,,
40,2431,C 2 c m,In Cl,In,In,1,13,5,Cl,Cl,1,17,3,Orthorhombic,,
40,16031,C 2 c m,Cr O3,Cr,Cr,1,6,4,O3,O,3,16,2,Orthorhombic,,
40,16142,C 2 c m,Sb F3,Sb,Sb,1,15,5,F3,F,3,17,2,Orthorhombic,,
40,24347,A m a 2,Pd3 S,Pd3,Pd,3,10,5,S,S,1,16,3,Orthorhombic,,
40,105832,A m a 2,Pt2 U,Pt2,Pt,2,10,6,U,U,1,3,7,Orthorhombic,,
40,170556,C 2 c m,Ce Te3,Ce,Ce,1,3,6,Te3,Te,3,16,5,Orthorhombic,,
40,170557,C 2 c m,Pr Te3,Pr,Pr,1,3,6,Te3,Te,3,16,5,Orthorhombic,,
40,170558,C 2 c m,Nd Te3,Nd,Nd,1,3,6,Te3,Te,3,16,5,Orthorhombic,,
41,18191,A b a 2,I F7,I,I,1,17,5,F7,F,7,17,2,Orthorhombic,,
41,23638,A b a 2,Sr S3,Sr,Sr,1,2,5,S3,S,3,16,3,Orthorhombic,,
41,24645,A b a 2,S O2,S,S,1,16,3,O2,O,2,16,2,Orthorhombic,,
41,37019,A b a 2,Se2 Br2,Se2,Se,2,16,4,Br2,Br,2,17,4,Orthorhombic,,
41,37020,A b a 2,S2 Br2,S2,S,2,16,3,Br2,Br,2,17,4,Orthorhombic,,
41,76943,B b a 2,Co0.875 Ge2,Co0.875,Co,0.875,9,4,Ge2,Ge,2,14,4,Orthorhombic,,
41,52964,A b a 2,Co Ge2,Co,Co,1,9,4,Ge2,Ge,2,14,4,Orthorhombic,,
41,58588,A b a 2,Au Sn4,Au,Au,1,11,6,Sn4,Sn,4,14,5,Orthorhombic,,
41,105485,A b a 2,Ni10 Zr7,Ni10,Ni,10,10,4,Zr7,Zr,7,4,5,Orthorhombic,,
41,105684,A b a 2,Pd0.89 Sn2,Pd0.89,Pd,0.89,10,5,Sn2,Sn,2,14,5,Orthorhombic,,
41,105686,A b a 2,Pd Sn4,Pd,Pd,1,10,5,Sn4,Sn,4,14,5,Orthorhombic,,
41,105793,A b a 2,Pt Sn4,Pt,Pt,1,10,6,Sn4,Sn,4,14,5,Orthorhombic,,
41,627899,A b a 2,Hf7 Cu10,Hf7,Hf,7,4,6,Cu10,Cu,10,11,4,Orthorhombic,,
41,629477,A b a 2,Cu10 Zr7,Cu10,Cu,10,11,4,Zr7,Zr,7,4,5,Orthorhombic,,
41,638690,A b a 2,Hf7 Ni10,Hf7,Hf,7,4,6,Ni10,Ni,10,10,4,Orthorhombic,,
41,641053,A b a 2,Ir Sn4,Ir,Ir,1,9,6,Sn4,Sn,4,14,5,Orthorhombic,,
41,647152,A b a 2,Zr7 Ni10,Zr7,Zr,7,4,5,Ni10,Ni,10,10,4,Orthorhombic,,
41,648930,A b a 2,Pd Sn2,Pd,Pd,1,10,5,Sn2,Sn,2,14,5,Orthorhombic,,
41,650384,A b a 2,Rh Sn2,Rh,Rh,1,9,5,Sn2,Sn,2,14,5,Orthorhombic,,
41,430557,A b a 2,Fe2 O3,Fe2,Fe,2,8,4,O3,O,3,16,2,Orthorhombic,,
42,20946,F m 2 m,B N,B,B,1,13,2,N,N,1,15,2,Orthorhombic,,
42,69042,F m 2 m,Y S,Y,Y,1,3,5,S,S,1,16,3,Orthorhombic,,
42,69495,F m 2 m,Bi S,Bi,Bi,1,15,6,S,S,1,16,3,Orthorhombic,,
42,69496,F m 2 m,Ta S2,Ta,Ta,1,5,6,S2,S,2,16,3,Orthorhombic,,
42,69711,F m 2 m,Sm S,Sm,Sm,1,3,6,S,S,1,16,3,Orthorhombic,,
42,71339,F m 2 m,Nb Se2,Nb,Nb,1,5,5,Se2,Se,2,16,4,Orthorhombic,,
42,72197,F m 2 m,Bi Se,Bi,Bi,1,15,6,Se,Se,1,16,4,Orthorhombic,,
42,72198,F m 2 m,Ta Se2,Ta,Ta,1,5,6,Se2,Se,2,16,4,Orthorhombic,,
42,72725,F m 2 m,Nb S2,Nb,Nb,1,5,5,S2,S,2,16,3,Orthorhombic,,
42,74334,F m 2 m,Pb Se,Pb,Pb,1,14,6,Se,Se,1,16,4,Orthorhombic,,
42,80539,F m 2 m,Pb0.998 S,Pb0.998,Pb,0.998,14,6,S,S,1,16,3,Orthorhombic,,
42,89239,F m 2 m,Eu S,Eu,Eu,1,3,6,S,S,1,16,3,Orthorhombic,,
42,240196,F m m 2,Al35.472 Cu47.792,Al35.472,Al,35.472,13,3,Cu47.792,Cu,47.792,11,4,Orthorhombic,,
42,240773,F 2 m m,Pd108 Cd340,Pd108,Pd,108,10,5,Cd340,Cd,340,12,5,Orthorhombic,,
43,1555,F d d 2,Pd F4,Pd,Pd,1,10,5,F4,F,4,17,2,Orthorhombic,,
43,8014,F d d 2,Au2 O3,Au2,Au,2,11,6,O3,O,3,16,2,Orthorhombic,,
43,8211,F d d 2,Eu3 As4,Eu3,Eu,3,3,6,As4,As,4,15,4,Orthorhombic,,
43,20612,F d d 2,Y3 Ge5,Y3,Y,3,3,5,Ge5,Ge,5,14,4,Orthorhombic,,
43,23483,F d d 2,Ir F4,Ir,Ir,1,9,6,F4,F,4,17,2,Orthorhombic,,
43,31685,F d d 2,Ge S2,Ge,Ge,1,14,4,S2,S,2,16,3,Orthorhombic,,
43,37016,F d d 2,S2 Cl2,S2,S,2,16,3,Cl2,Cl,2,17,3,Orthorhombic,,
43,38320,F d d 2,Eu3 P4,Eu3,Eu,3,3,6,P4,P,4,15,3,Orthorhombic,,
43,38321,F d d 2,Sr3 P4,Sr3,Sr,3,2,5,P4,P,4,15,3,Orthorhombic,,
43,38322,F d d 2,Ba3 P4,Ba3,Ba,3,2,6,P4,P,4,15,3,Orthorhombic,,
43,59193,F d d 2,Ag2 O3,Ag2,Ag,2,11,5,O3,O,3,16,2,Orthorhombic,,
43,41687,F d d 2,Cs2 Se,Cs2,Cs,2,1,6,Se,Se,1,16,4,Orthorhombic,,
43,71579,F d d 2,Pt F4,Pt,Pt,1,10,6,F4,F,4,17,2,Orthorhombic,,
43,82688,F d d 2,P2 O5,P2,P,2,15,3,O5,O,5,16,2,Orthorhombic,,
43,100110,F d d 2,Sr3 As4,Sr3,Sr,3,2,5,As4,As,4,15,4,Orthorhombic,,
43,200596,F d d 2,Cd7 P10,Cd7,Cd,7,12,5,P10,P,10,15,3,Orthorhombic,,
43,76308,F d d 2,Dy3 Ge5,Dy3,Dy,3,3,6,Ge5,Ge,5,14,4,Orthorhombic,,
43,88124,F d d 2,Dy11 Ge18,Dy11,Dy,11,3,6,Ge18,Ge,18,14,4,Orthorhombic,,
43,88126,F d d 2,Gd17 Ge29,Gd17,Gd,17,3,6,Ge29,Ge,29,14,4,Orthorhombic,,
43,53726,F d d 2,Nd3 Ge5,Nd3,Nd,3,3,6,Ge5,Ge,5,14,4,Orthorhombic,,
43,56035,F d d 2,Tb3 Ge5,Tb3,Tb,3,3,6,Ge5,Ge,5,14,4,Orthorhombic,,
43,57113,F d d 2,Pr3 Ge4.8,Pr3,Pr,3,3,6,Ge4.8,Ge,4.8,14,4,Orthorhombic,,
43,57897,F d d 2,Al3 Hf2,Al3,Al,3,13,3,Hf2,Hf,2,4,6,Orthorhombic,,
43,58232,F d d 2,Al3 Zr2,Al3,Al,3,13,3,Zr2,Zr,2,4,5,Orthorhombic,,
43,104044,F d d 2,Ga3 Zr2,Ga3,Ga,3,13,4,Zr2,Zr,2,4,5,Orthorhombic,,
43,103729,F d d 2,Ga3 Hf2,Ga3,Ga,3,13,4,Hf2,Hf,2,4,6,Orthorhombic,,
43,98667,F d d 2,Ba5 P9,Ba5,Ba,5,2,6,P9,P,9,15,3,Orthorhombic,,
43,603594,F d d 2,Zr2 Al3,Zr2,Zr,2,4,5,Al3,Al,3,13,3,Orthorhombic,,
43,608080,F d d 2,Hf2 Al3,Hf2,Hf,2,4,6,Al3,Al,3,13,3,Orthorhombic,,
43,634300,F d d 2,Hf2 Ga3,Hf2,Hf,2,4,6,Ga3,Ga,3,13,4,Orthorhombic,,
43,635687,F d d 2,Zr2 Ga3,Zr2,Zr,2,4,5,Ga3,Ga,3,13,4,Orthorhombic,,
43,637593,F d d 2,Ge5 Pr3,Ge5,Ge,5,14,4,Pr3,Pr,3,3,6,Orthorhombic,,
43,637858,F d d 2,Ge Se2,Ge,Ge,1,14,4,Se2,Se,2,16,4,Orthorhombic,,
43,54492,F d d 2,Ho3 Ge5,Ho3,Ho,3,3,6,Ge5,Ge,5,14,4,Orthorhombic,,
43,400888,F d d 2,Mo5 Al22,Mo5,Mo,5,6,5,Al22,Al,22,13,3,Orthorhombic,,
43,162660,F d d 2,Si O2,Si,Si,1,14,3,O2,O,2,16,2,Orthorhombic,,
43,416582,F d d 2,Sm3 Ge5,Sm3,Sm,3,3,6,Ge5,Ge,5,14,4,Orthorhombic,,
43,416583,F d d 2,Gd3 Ge5,Gd3,Gd,3,3,6,Ge5,Ge,5,14,4,Orthorhombic,,
43,414234,F d d 2,Sr In,Sr,Sr,1,2,5,In,In,1,13,5,Orthorhombic,,
44,16627,I m m 2,Hg O,Hg,Hg,1,12,6,O,O,1,16,2,Orthorhombic,,
44,79770,I m m 2,Ag8 S,Ag8,Ag,8,11,5,S,S,1,16,3,Orthorhombic,,
44,82148,I m m 2,Cr2 P,Cr2,Cr,2,6,4,P,P,1,15,3,Orthorhombic,,
44,85587,I m 2 m,Na O3,Na,Na,1,1,3,O3,O,3,16,2,Orthorhombic,,
44,43950,I m m 2,Ga As,Ga,Ga,1,13,4,As,As,1,15,4,Orthorhombic,,
44,44363,I m m 2,In2 Te3,In2,In,2,13,5,Te3,Te,3,16,5,Orthorhombic,,
44,411857,I m m 2,P3 N5,P3,P,3,15,3,N5,N,5,15,2,Orthorhombic,,
44,57936,I m m 2,Al4 La,Al4,Al,4,13,3,La,La,1,3,6,Orthorhombic,,
44,58897,I m m 2,Ca28 Ga11,Ca28,Ca,28,2,4,Ga11,Ga,11,13,4,Orthorhombic,,
44,104488,I m m 2,Ir3 Li,Ir3,Ir,3,9,6,Li,Li,1,1,2,Orthorhombic,,
44,240087,I m m 2,Al9 Cu11.5,Al9,Al,9,13,3,Cu11.5,Cu,11.5,11,4,Orthorhombic,,
44,413804,I m m 2,Sr2.33 In0.92,Sr2.33,Sr,2.33,2,5,In0.92,In,0.92,13,5,Orthorhombic,,
44,606399,I m m 2,Ce Al4,Ce,Ce,1,3,6,Al4,Al,4,13,3,Orthorhombic,,
44,608743,I m m 2,Nd Al4,Nd,Nd,1,3,6,Al4,Al,4,13,3,Orthorhombic,,
44,609102,I m m 2,Pr Al4,Pr,Pr,1,3,6,Al4,Al,4,13,3,Orthorhombic,,
44,642290,I m m 2,Li Rh3,Li,Li,1,1,2,Rh3,Rh,3,9,5,Orthorhombic,,
44,154256,I m m 2,Yb Si1.40,Yb,Yb,1,3,6,Si1.40,Si,1.4,14,3,Orthorhombic,,
44,415597,I m m 2,Dy Si1.7,Dy,Dy,1,3,6,Si1.7,Si,1.7,14,3,Orthorhombic,,
44,415598,I m m 2,Ho Si1.7,Ho,Ho,1,3,6,Si1.7,Si,1.7,14,3,Orthorhombic,,
46,68594,I m a 2,Tb Si1.75,Tb,Tb,1,3,6,Si1.75,Si,1.75,14,3,Orthorhombic,,
46,68595,I m a 2,Tb Si1.736,Tb,Tb,1,3,6,Si1.736,Si,1.736,14,3,Orthorhombic,,
75,20832,P 4,Pd1.5 H2,Pd1.5,Pd,1.5,10,5,H2,H,2,1,1,Tetragonal,,
75,60603,P 4,Nb Te4,Nb,Nb,1,5,5,Te4,Te,4,16,5,Tetragonal,,
75,90382,P 4,Ce Te2,Ce,Ce,1,3,6,Te2,Te,2,16,5,Tetragonal,,
75,92509,P 4,Pr Te2,Pr,Pr,1,3,6,Te2,Te,2,16,5,Tetragonal,,
75,155986,P 4,Tb Te1.8,Tb,Tb,1,3,6,Te1.8,Te,1.8,16,5,Tetragonal,,
76,62259,P 41,Cs3 P7,Cs3,Cs,3,1,6,P7,P,7,15,3,Tetragonal,,
76,88519,P 41,B5 H9,B5,B,5,13,2,H9,H,9,1,1,Tetragonal,,
76,406486,P 41,Cs4 Ge9,Cs4,Cs,4,1,6,Ge9,Ge,9,14,4,Tetragonal,,
76,174242,P 41,Sc0.96 B15,Sc0.96,Sc,0.96,3,4,B15,B,15,13,2,Tetragonal,,
76,422423,P 41,Sc B15,Sc,Sc,1,3,4,B15,B,15,13,2,Tetragonal,,
77,17012,P 42,H2 S,H2,H,2,1,1,S,S,1,16,3,Tetragonal,,
77,27033,P 42,D2 S,D2,D,2,1,1,S,S,1,16,3,Tetragonal,,
79,24623,I 4,Th H2,Th,Th,1,3,7,H2,H,2,1,1,Tetragonal,,
79,24624,I 4,Zr H2,Zr,Zr,1,4,5,H2,H,2,1,1,Tetragonal,,
79,43538,I 4,Ta2 D,Ta2,Ta,2,5,6,D,D,1,1,1,Tetragonal,,
79,52874,I 4,Ce D2.03,Ce,Ce,1,3,6,D2.03,D,2.03,1,1,Tetragonal,,
79,52875,I 4,Ce D2.04,Ce,Ce,1,3,6,D2.04,D,2.04,1,1,Tetragonal,,
80,27040,I 41,Nb As,Nb,Nb,1,5,5,As,As,1,15,4,Tetragonal,,
80,35181,I 41,Nb O2,Nb,Nb,1,5,5,O2,O,2,16,2,Tetragonal,,
80,106392,I 41,Ce3 Ge4.7,Ce3,Ce,3,3,6,Ge4.7,Ge,4.7,14,4,Tetragonal,,
99,27094,P 4 m m,Pu S2,Pu,Pu,1,3,7,S2,S,2,16,3,Tetragonal,,
99,103086,P 4 m m,Cu3 Pd,Cu3,Cu,3,11,4,Pd,Pd,1,10,5,Tetragonal,,
99,107010,P 4 m m,Tm Te,Tm,Tm,1,3,6,Te,Te,1,16,5,Tetragonal,,
100,87412,P 4 b m,La5 S7,La5,La,5,3,6,S7,S,7,16,3,Tetragonal,,
102,26541,P 42 n m,S4 N2,S4,S,4,16,3,N2,N,2,15,2,Tetragonal,,
102,30082,P 42 n m,Ca3 Cd2,Ca3,Ca,3,2,4,Cd2,Cd,2,12,5,Tetragonal,,
102,57869,P 42 n m,Al2 Gd3,Al2,Al,2,13,3,Gd3,Gd,3,3,6,Tetragonal,,
102,602225,P 42 n m,Gd3 Ga2,Gd3,Gd,3,3,6,Ga2,Ga,2,13,4,Tetragonal,,
102,607220,P 42 n m,Dy3 Al2,Dy3,Dy,3,3,6,Al2,Al,2,13,3,Tetragonal,,
102,607352,P 42 n m,Er3 Al2,Er3,Er,3,3,6,Al2,Al,2,13,3,Tetragonal,,
102,607832,P 42 n m,Gd3 Al2,Gd3,Gd,3,3,6,Al2,Al,2,13,3,Tetragonal,,
102,608170,P 42 n m,Ho3 Al2,Ho3,Ho,3,3,6,Al2,Al,2,13,3,Tetragonal,,
102,609454,P 42 n m,Tb3 Al2,Tb3,Tb,3,3,6,Al2,Al,2,13,3,Tetragonal,,
102,609643,P 42 n m,Y3 Al2,Y3,Y,3,3,5,Al2,Al,2,13,3,Tetragonal,,
103,65128,P 4 c c,Nb Te4,Nb,Nb,1,5,5,Te4,Te,4,16,5,Tetragonal,,
103,25770,P 4 c c,Ta Te4,Ta,Ta,1,5,6,Te4,Te,4,16,5,Tetragonal,,
103,645375,P 4 c c,Nb Se4,Nb,Nb,1,5,5,Se4,Se,4,16,4,Tetragonal,,
107,154,I 4 m m,Ca2 Sb,Ca2,Ca,2,2,4,Sb,Sb,1,15,5,Tetragonal,,
107,16077,I 4 m m,Sn P,Sn,Sn,1,14,5,P,P,1,15,3,Tetragonal,,
107,17032,I 4 m m,Ge P,Ge,Ge,1,14,4,P,P,1,15,3,Tetragonal,,
107,17033,I 4 m m,Ge As,Ge,Ge,1,14,4,As,As,1,15,4,Tetragonal,,
107,24636,I 4 m m,B5 H9,B5,B,5,13,2,H9,H,9,1,1,Tetragonal,,
107,42428,I 4 m m,Pu Ga,Pu,Pu,1,3,7,Ga,Ga,1,13,4,Tetragonal,,
107,43386,I 4 m m,Co5 Ge7,Co5,Co,5,9,4,Ge7,Ge,7,14,4,Tetragonal,,
107,87138,I 4 m m,U P2,U,U,1,3,7,P2,P,2,15,3,Tetragonal,,
107,44364,I 4 m m,In2 Te3,In2,In,2,13,5,Te3,Te,3,16,5,Tetragonal,,
107,76912,I 4 m m,Ir5 Sn7,Ir5,Ir,5,9,6,Sn7,Sn,7,14,5,Tetragonal,,
107,643301,I 4 m m,Mn Pd3,Mn,Mn,1,7,4,Pd3,Pd,3,10,5,Tetragonal,,
108,15639,I 4 c m,Sr5 Si3,Sr5,Sr,5,2,5,Si3,Si,3,14,3,Tetragonal,,
109,16585,I 41 m d,Nb As,Nb,Nb,1,5,5,As,As,1,15,4,Tetragonal,,
109,30738,I 41 m d,Nd D2.36,Nd,Nd,1,3,6,D2.36,D,2.36,1,1,Tetragonal,,
109,70058,I 41 m d,Ba2 S3,Ba2,Ba,2,2,6,S3,S,3,16,3,Tetragonal,,
109,81493,I 41 m d,Nb P,Nb,Nb,1,5,5,P,P,1,15,3,Tetragonal,,
109,44068,I 41 m d,Ta As,Ta,Ta,1,5,6,As,As,1,15,4,Tetragonal,,
109,87264,I 41 m d,Ce D2.29,Ce,Ce,1,3,6,D2.29,D,2.29,1,1,Tetragonal,,
109,87266,I 41 m d,La D2.3,La,La,1,3,6,D2.3,D,2.3,1,1,Tetragonal,,
109,87267,I 41 m d,Pr D2.37,Pr,Pr,1,3,6,D2.37,D,2.37,1,1,Tetragonal,,
109,621313,I 41 m d,Ce2 D5,Ce2,Ce,2,3,6,D5,D,5,1,1,Tetragonal,,
109,621314,I 41 m d,Ce2 H5,Ce2,Ce,2,3,6,H5,H,5,1,1,Tetragonal,,
109,638383,I 41 m d,Nd2 H5,Nd2,Nd,2,3,6,H5,H,5,1,1,Tetragonal,,
109,648185,I 41 m d,Ta P,Ta,Ta,1,5,6,P,P,1,15,3,Tetragonal,,
110,42882,I 41 c d,Cd3 As2,Cd3,Cd,3,12,5,As2,As,2,15,4,Tetragonal,,
110,44023,I 41 c d,Zn3 As2,Zn3,Zn,3,12,4,As2,As,2,15,4,Tetragonal,,
110,423741,I 41 c d,Br N3,Br,Br,1,17,4,N3,N,3,15,2,Tetragonal,,
143,24768,P 3,Cr Br3,Cr,Cr,1,6,4,Br3,Br,3,17,4,Trigonal,,
143,36281,P 3,Fe2 O3,Fe2,Fe,2,8,4,O3,O,3,16,2,Trigonal,,
143,200593,P 3,Ni2 H,Ni2,Ni,2,10,4,H,H,1,1,1,Trigonal,,
143,105519,P 3,Al5 Mo,Al5,Al,5,13,3,Mo,Mo,1,6,5,Trigonal,,
143,97183,P 3,Si1.016 O2,Si1.016,Si,1.016,14,3,O2,O,2,16,2,Trigonal,,
143,106276,P 3,Au1.01 Cd0.99,Au1.01,Au,1.01,11,6,Cd0.99,Cd,0.99,12,5,Trigonal,,
143,290322,P 3,Zn O,Zn,Zn,1,12,4,O,O,1,16,2,Trigonal,,
143,290323,P 3,Zn0.98 O,Zn0.98,Zn,0.98,12,4,O,O,1,16,2,Trigonal,,
143,150942,P 3,Ti Ni,Ti,Ti,1,4,4,Ni,Ni,1,10,4,Trigonal,,
143,151889,P 3,Hg Br2,Hg,Hg,1,12,6,Br2,Br,2,17,4,Trigonal,,
143,160324,P 3,Ni Ti,Ni,Ni,1,10,4,Ti,Ti,1,4,4,Trigonal,,
143,166273,P 3,Mg O,Mg,Mg,1,2,3,O,O,1,16,2,Trigonal,,
144,16021,P 31,B2 O3,B2,B,2,13,2,O3,O,3,16,2,Trigonal,,
144,16881,P 31,Fe7 Se8,Fe7,Fe,7,8,4,Se8,Se,8,16,4,Trigonal,,
144,9146,P 31,Fe7 S8,Fe7,Fe,7,8,4,S8,S,8,16,3,Trigonal,,
144,39860,P 31,Ti5.73 C3.72,Ti5.73,Ti,5.73,4,4,C3.72,C,3.72,14,2,Trigonal,,
144,60819,P 31,Nb6 C4.73,Nb6,Nb,6,5,5,C4.73,C,4.73,14,2,Trigonal,,
144,80076,P 31,Zn Te,Zn,Zn,1,12,4,Te,Te,1,16,5,Trigonal,,
144,42773,P 31,Ir Ge4,Ir,Ir,1,9,6,Ge4,Ge,4,14,4,Trigonal,,
144,77215,P 31,Nb6 C4.87,Nb6,Nb,6,5,5,C4.87,C,4.87,14,2,Trigonal,,
144,23681,P 31,S5 Se4,S5,S,5,16,3,Se4,Se,4,16,4,Trigonal,,
144,654841,P 31,V6 C5,V6,V,6,5,4,C5,C,5,14,2,Trigonal,,
146,38073,R 3 H,Fe12 As5,Fe12,Fe,12,8,4,As5,As,5,15,4,Trigonal,,
146,200055,R 3 H,Pd7 P3,Pd7,Pd,7,10,5,P3,P,3,15,3,Trigonal,,
146,41748,R 3 H,Pd8 Sb3,Pd8,Pd,8,10,5,Sb3,Sb,3,15,5,Trigonal,,
146,42550,R 3 H,Tl2 S,Tl2,Tl,2,13,6,S,S,1,16,3,Trigonal,,
146,58589,R 3 H,Au5 Sn,Au5,Au,5,11,6,Sn,Sn,1,14,5,Trigonal,,
146,616947,R 3 H,Pd8 Bi3,Pd8,Pd,8,10,5,Bi3,Bi,3,15,6,Trigonal,,
146,51976,R 3 H,In Mg3,In,In,1,13,5,Mg3,Mg,3,2,3,Trigonal,,
146,108980,R 3 H,Gd O0.656,Gd,Gd,1,3,6,O0.656,O,0.656,16,2,Trigonal,,
146,108981,R 3 H,Sm O0.656,Sm,Sm,1,3,6,O0.656,O,0.656,16,2,Trigonal,,
146,186208,R 3 H,W2 N3,W2,W,2,6,6,N3,N,3,15,2,Trigonal,,
146,55577,R 3 H,Mg9 Sn5,Mg9,Mg,9,2,3,Sn5,Sn,5,14,5,Trigonal,,
156,6066,P 3 m 1,Cd I2,Cd,Cd,1,12,5,I2,I,2,17,5,Trigonal,,
156,23762,P 3 m 1,Pb I2,Pb,Pb,1,14,6,I2,I,2,17,5,Trigonal,,
156,30363,P 3 m 1,Cu I,Cu,Cu,1,11,4,I,I,1,17,5,Trigonal,,
156,68820,P 3 m 1,Pb1.785 I3.570,Pb1.785,Pb,1.785,14,6,I3.570,I,3.57,17,5,Trigonal,,
156,201088,P 3 m 1,Ni2 H,Ni2,Ni,2,10,4,H,H,1,1,1,Trigonal,,
156,42156,P 3 m 1,Cu1.81 Te,Cu1.81,Cu,1.81,11,4,Te,Te,1,16,5,Trigonal,,
156,42703,P 3 m 1,Cr0.68 Se,Cr0.68,Cr,0.68,6,4,Se,Se,1,16,4,Trigonal,,
156,42779,P 3 m 1,Zn S,Zn,Zn,1,12,4,S,S,1,16,3,Trigonal,,
156,42859,P 3 m 1,Si C,Si,Si,1,14,3,C,C,1,14,2,Trigonal,,
156,43048,P 3 m 1,Cu7 Te4,Cu7,Cu,7,11,4,Te4,Te,4,16,5,Trigonal,,
156,87415,P 3 m 1,Sb2 Te3,Sb2,Sb,2,15,5,Te3,Te,3,16,5,Trigonal,,
156,290623,P 3 m 1,Cu1.79 Te,Cu1.79,Cu,1.79,11,4,Te,Te,1,16,5,Trigonal,,
157,58408,P 3 1 m,Au Cd,Au,Au,1,11,6,Cd,Cd,1,12,5,Trigonal,,
157,170238,P 3 1 m,Ba21 Al40,Ba21,Ba,21,2,6,Al40,Al,40,13,3,Trigonal,,
157,237500,P 3 1 m,Au6.05 Zn12.51,Au6.05,Au,6.05,11,6,Zn12.51,Zn,12.51,12,4,Trigonal,,
157,428088,P 3 1 m,Bi2 Pt,Bi2,Bi,2,15,6,Pt,Pt,1,10,6,Trigonal,,
158,22093,P 3 c 1,Ru Cl3,Ru,Ru,1,8,5,Cl3,Cl,3,17,3,Trigonal,,
158,42986,P 3 c 1,Zr O0.27,Zr,Zr,1,4,5,O0.27,O,0.27,16,2,Trigonal,,
158,76505,P 3 c 1,Mn5.11 Ge2,Mn5.11,Mn,5.11,7,4,Ge2,Ge,2,14,4,Trigonal,,
158,76506,P 3 c 1,Mn5 Ge2,Mn5,Mn,5,7,4,Ge2,Ge,2,14,4,Trigonal,,
158,636967,P 3 c 1,Mn23 Ge9,Mn23,Mn,23,7,4,Ge9,Ge,9,14,4,Trigonal,,
158,417146,P 3 c 1,Pt18 Al70.92,Pt18,Pt,18,10,6,Al70.92,Al,70.92,13,3,Trigonal,,
159,10039,P 3 1 c,Se Br4,Se,Se,1,16,4,Br4,Br,4,17,4,Trigonal,,
159,16752,P 3 1 c,Si3 N4,Si3,Si,3,14,3,N4,N,4,15,2,Trigonal,,
159,17009,P 3 1 c,Ti6 O,Ti6,Ti,6,4,4,O,O,1,16,2,Trigonal,,
159,6004,P 3 1 c,Si2.925 N3.99,Si2.925,Si,2.925,14,3,N3.99,N,3.99,15,2,Trigonal,,
159,23673,P 3 1 c,Si2.985 N4.38,Si2.985,Si,2.985,14,3,N4.38,N,4.38,15,2,Trigonal,,
159,23674,P 3 1 c,Ge3 N4.22,Ge3,Ge,3,14,4,N4.22,N,4.22,15,2,Trigonal,,
159,60193,P 3 1 c,W1.1 N,W1.1,W,1.1,6,6,N,N,1,15,2,Trigonal,,
159,637158,P 3 1 c,Ge3 N4,Ge3,Ge,3,14,4,N4,N,4,15,2,Trigonal,,
159,154511,P 3 1 c,Ir9 Al28,Ir9,Ir,9,9,6,Al28,Al,28,13,3,Trigonal,,
159,421855,P 3 1 c,Bi2 O3,Bi2,Bi,2,15,6,O3,O,3,16,2,Trigonal,,
160,823,R 3 m R,Cr5 Al8,Cr5,Cr,5,6,4,Al8,Al,8,13,3,Trigonal,,
160,1884,R 3 m H,In Se,In,In,1,13,5,Se,Se,1,16,4,Trigonal,,
160,9340,R 3 m H,Cd I2,Cd,Cd,1,12,5,I2,I,2,17,5,Trigonal,,
160,14397,R 3 m R,Al4 C3,Al4,Al,4,13,3,C3,C,3,14,2,Trigonal,,
160,15311,R 3 m H,Ti9.2 S16,Ti9.2,Ti,9.2,4,4,S16,S,16,16,3,Trigonal,,
160,16948,R 3 m H,Mo Se2,Mo,Mo,1,6,5,Se2,Se,2,16,4,Trigonal,,
160,17008,R 3 m H,In2 Se3,In2,In,2,13,5,Se3,Se,3,16,4,Trigonal,,
160,18131,R 3 m H,Nb Se2,Nb,Nb,1,5,5,Se2,Se,2,16,4,Trigonal,,
160,20144,R 3 m H,Zr Cl2,Zr,Zr,1,4,5,Cl2,Cl,2,17,3,Trigonal,,
160,23041,R 3 m R,Li5 B4,Li5,Li,5,1,2,B4,B,4,13,2,Trigonal,,
160,24315,R 3 m H,Ta Se2,Ta,Ta,1,5,6,Se2,Se,2,16,4,Trigonal,,
160,24319,R 3 m H,Ta1.11 Se2,Ta1.11,Ta,1.11,5,6,Se2,Se,2,16,4,Trigonal,,
160,26424,R 3 m H,Nb1.06 S2,Nb1.06,Nb,1.06,5,5,S2,S,2,16,3,Trigonal,,
160,23887,R 3 m H,Si C,Si,Si,1,14,3,C,C,1,14,2,Trigonal,,
160,29312,R 3 m R,Ni S,Ni,Ni,1,10,4,S,S,1,16,3,Trigonal,,
160,20289,R 3 m H,Bi2 Te3,Bi2,Bi,2,15,6,Te3,Te,3,16,5,Trigonal,,
160,26622,R 3 m H,Mo S2,Mo,Mo,1,6,5,S2,S,2,16,3,Trigonal,,
160,30361,R 3 m H,Bi O,Bi,Bi,1,15,6,O,O,1,16,2,Trigonal,,
160,37186,R 3 m H,Ag Te3,Ag,Ag,1,11,5,Te3,Te,3,16,5,Trigonal,,
160,69756,R 3 m R,Cu1.8 S,Cu1.8,Cu,1.8,11,4,S,S,1,16,3,Trigonal,,
160,79591,R 3 m H,Ti0.98 S3,Ti0.98,Ti,0.98,4,4,S3,S,3,16,3,Trigonal,,
160,81124,R 3 m H,Ti S3,Ti,Ti,1,4,4,S3,S,3,16,3,Trigonal,,
160,85964,R 3 m H,Ta1.08 S2,Ta1.08,Ta,1.08,5,6,S2,S,2,16,3,Trigonal,,
160,202367,R 3 m H,W S2,W,W,1,6,6,S2,S,2,16,3,Trigonal,,
160,41040,R 3 m H,As2 Te3,As2,As,2,15,4,Te3,Te,3,16,5,Trigonal,,
160,41952,R 3 m R,C3 N4,C3,C,3,14,2,N4,N,4,15,2,Trigonal,,
160,42596,R 3 m H,Ni Se,Ni,Ni,1,10,4,Se,Se,1,16,4,Trigonal,,
160,42781,R 3 m H,Zn S,Zn,Zn,1,12,4,S,S,1,16,3,Trigonal,,
160,43202,R 3 m H,Ge Te,Ge,Ge,1,14,4,Te,Te,1,16,5,Trigonal,,
160,43410,R 3 m H,Ta S2,Ta,Ta,1,5,6,S2,S,2,16,3,Trigonal,,
160,43696,R 3 m H,Nb S2,Nb,Nb,1,5,5,S2,S,2,16,3,Trigonal,,
160,43698,R 3 m H,Nb1.2 S2,Nb1.2,Nb,1.2,5,5,S2,S,2,16,3,Trigonal,,
160,44885,R 3 m H,Fe3 S4,Fe3,Fe,3,8,4,S4,S,4,16,3,Trigonal,,
160,56268,R 3 m HR,Cu7 Hg6,Cu7,Cu,7,11,4,Hg6,Hg,6,12,6,Trigonal,,
160,51588,R 3 m H,Nb1.09 S2,Nb1.09,Nb,1.09,5,5,S2,S,2,16,3,Trigonal,,
160,73388,R 3 m H,Ga Se,Ga,Ga,1,13,4,Se,Se,1,16,4,Trigonal,,
160,606741,R 3 m R,Al16 Cr9.5,Al16,Al,16,13,3,Cr9.5,Cr,9.5,6,4,Trigonal,,
160,606753,R 3 m R,Al8 Cr5,Al8,Al,8,13,3,Cr5,Cr,5,6,4,Trigonal,,
160,608465,R 3 m H,Mn5 Al8,Mn5,Mn,5,7,4,Al8,Al,8,13,3,Trigonal,,
160,618924,R 3 m H,Ti8 C5,Ti8,Ti,8,4,4,C5,C,5,14,2,Trigonal,,
160,634612,R 3 m H,Ga13 Mn13,Ga13,Ga,13,13,4,Mn13,Mn,13,7,4,Trigonal,,
160,644523,R 3 m R,Na N3,Na,Na,1,1,3,N3,N,3,15,2,Trigonal,,
160,419884,R 3 m H,Sn4 As3,Sn4,Sn,4,14,5,As3,As,3,15,4,Trigonal,,
160,428192,R 3 m H,As Se2,As,As,1,15,4,Se2,Se,2,16,4,Trigonal,,
160,190706,R 3 m H,Sb0.94 As1.06,Sb0.94,Sb,0.94,15,5,As1.06,As,1.06,15,4,Trigonal,,
160,190707,R 3 m H,Sb1.02 As0.98,Sb1.02,Sb,1.02,15,5,As0.98,As,0.98,15,4,Trigonal,,
160,190708,R 3 m H,Sb0.95 As1.05,Sb0.95,Sb,0.95,15,5,As1.05,As,1.05,15,4,Trigonal,,
160,191826,R 3 m H,Pr2 Fe17,Pr2,Pr,2,3,6,Fe17,Fe,17,8,4,Trigonal,,
160,191827,R 3 m H,Pr2.05 Co16.90,Pr2.05,Pr,2.05,3,6,Co16.90,Co,16.9,9,4,Trigonal,,
160,245337,R 3 m H,Mg36 Al61.7,Mg36,Mg,36,2,3,Al61.7,Al,61.7,13,3,Trigonal,,
160,237496,R 3 m H,Au4.27 Zn8.26,Au4.27,Au,4.27,11,6,Zn8.26,Zn,8.26,12,4,Trigonal,,
160,237497,R 3 m H,Au4.84 Zn7.85,Au4.84,Au,4.84,11,6,Zn7.85,Zn,7.85,12,4,Trigonal,,
160,237498,R 3 m H,Au4.58 Zn8.12,Au4.58,Au,4.58,11,6,Zn8.12,Zn,8.12,12,4,Trigonal,,
160,237499,R 3 m H,Au4.42 Zn8.19,Au4.42,Au,4.42,11,6,Zn8.19,Zn,8.19,12,4,Trigonal,,
160,195283,R 3 m H,Ta1.13 S2,Ta1.13,Ta,1.13,5,6,S2,S,2,16,3,Trigonal,,
161,16610,R 3 c R,P4 O10,P4,P,4,15,3,O10,O,10,16,2,Trigonal,,
161,24821,R 3 c H,Ga2 I4,Ga2,Ga,2,13,4,I4,I,4,17,5,Trigonal,,
161,38207,R 3 c R,P2 O5,P2,P,2,15,3,O5,O,5,16,2,Trigonal,,
161,62327,R 3 c H,Ni8 P3,Ni8,Ni,8,10,4,P3,P,3,15,3,Trigonal,,
161,40937,R 3 c H,C O,C,C,1,14,2,O,O,1,16,2,Trigonal,,
161,77891,R 3 c H,Pd8 Sb3,Pd8,Pd,8,10,5,Sb3,Sb,3,15,5,Trigonal,,
161,95562,R 3 c H,Yb4 As3,Yb4,Yb,4,3,6,As3,As,3,15,4,Trigonal,,
161,413715,R 3 c R,Te16 Si38,Te16,Te,16,16,5,Si38,Si,38,14,3,Trigonal,,
169,1376,P 61,In2 Se3,In2,In,2,13,5,Se3,Se,3,16,4,Hexagonal,,
169,73220,P 61,Al2 S3,Al2,Al,2,13,3,S3,S,3,16,3,Hexagonal,,
169,202408,P 61,Ga2 S3,Ga2,Ga,2,13,4,S3,S,3,16,3,Hexagonal,,
169,430303,P 61,W5 I12,W5,W,5,6,6,I12,I,12,17,5,Hexagonal,,
170,108563,P 65,In2 Se3,In2,In,2,13,5,Se3,Se,3,16,4,Hexagonal,,
171,150267,P 62,Co1.76 Zn13.24,Co1.76,Co,1.76,9,4,Zn13.24,Zn,13.24,12,4,Hexagonal,,
171,150268,P 62,Co1.815 Zn13.24,Co1.815,Co,1.815,9,4,Zn13.24,Zn,13.24,12,4,Hexagonal,,
173,1847,P 63,Cu20 Sn6,Cu20,Cu,20,11,4,Sn6,Sn,6,14,5,Hexagonal,,
173,8263,P 63,Si3 N4,Si3,Si,3,14,3,N4,N,4,15,2,Hexagonal,,
173,311,P 63,P I3,P,P,1,15,3,I3,I,3,17,5,Hexagonal,,
173,88241,P 63,Co H0.337,Co,Co,1,9,4,H0.337,H,0.337,1,1,Hexagonal,,
173,58206,P 63,Al5 W,Al5,Al,5,13,3,W,W,1,6,6,Hexagonal,,
173,105521,P 63,Al5 Mo,Al5,Al,5,13,3,Mo,Mo,1,6,5,Hexagonal,,
173,109215,P 63,In2 Se3,In2,In,2,13,5,Se3,Se,3,16,4,Hexagonal,,
173,251037,P 63,Mg9 Si5,Mg9,Mg,9,2,3,Si5,Si,5,14,3,Hexagonal,,
174,24143,P -6,Li2 O2,Li2,Li,2,1,2,O2,O,2,16,2,Hexagonal,,
174,85787,P -6,U7 Te12,U7,U,7,3,7,Te12,Te,12,16,5,Hexagonal,,
174,85788,P -6,Th7 Te12,Th7,Th,7,3,7,Te12,Te,12,16,5,Hexagonal,,
174,42632,P -6,Cr12 P7,Cr12,Cr,12,6,4,P7,P,7,15,3,Hexagonal,,
174,103153,P -6,Cu0.7 Zn2,Cu0.7,Cu,0.7,11,4,Zn2,Zn,2,12,4,Hexagonal,,
174,644729,P -6,Ta N,Ta,Ta,1,5,6,N,N,1,15,2,Hexagonal,,
174,660262,P -6,Ga Se,Ga,Ga,1,13,4,Se,Se,1,16,4,Hexagonal,,
174,150529,P -6,Zr4 Al3,Zr4,Zr,4,4,5,Al3,Al,3,13,3,Hexagonal,,
174,150551,P -6,Li Rh,Li,Li,1,1,2,Rh,Rh,1,9,5,Hexagonal,,
174,421584,P -6,Hg51.81 Na11.19,Hg51.81,Hg,51.81,12,6,Na11.19,Na,11.19,1,3,Hexagonal,,
174,428668,P -6,Eu10.1 Hg54.9,Eu10.1,Eu,10.1,3,6,Hg54.9,Hg,54.9,12,6,Hexagonal,,
183,91811,P 6 m m,Ta21 Te13,Ta21,Ta,21,5,6,Te13,Te,13,16,5,Hexagonal,,
185,15056,P 63 c m,Cu3 P,Cu3,Cu,3,11,4,P,P,1,15,3,Hexagonal,,
185,15053,P 63 c m,Ni5 As2,Ni5,Ni,5,10,4,As2,As,2,15,4,Hexagonal,,
185,22092,P 63 c m,Ru Cl3,Ru,Ru,1,8,5,Cl3,Cl,3,17,3,Hexagonal,,
185,24966,P 63 c m,U F3,U,U,1,3,7,F3,F,3,17,2,Hexagonal,,
185,27089,P 63 c m,La F3,La,La,1,3,6,F3,F,3,17,2,Hexagonal,,
185,27837,P 63 c m,H2 O,H2,H,2,1,1,O,O,1,16,2,Hexagonal,,
185,63049,P 63 c m,Nd F3,Nd,Nd,1,3,6,F3,F,3,17,2,Hexagonal,,
185,79586,P 63 c m,Na3 As,Na3,Na,3,1,3,As,As,1,15,4,Hexagonal,,
185,77965,P 63 c m,Co5 As2,Co5,Co,5,9,4,As2,As,2,15,4,Hexagonal,,
185,409668,P 63 c m,Cs3 As,Cs3,Cs,3,1,6,As,As,1,15,4,Hexagonal,,
185,58411,P 63 c m,Au Cd3,Au,Au,1,11,6,Cd3,Cd,3,12,5,Hexagonal,,
185,87357,P 63 c m,Yb2 S3,Yb2,Yb,2,3,6,S3,S,3,16,3,Hexagonal,,
185,413720,P 63 c m,Rh Mg3,Rh,Rh,1,9,5,Mg3,Mg,3,2,3,Hexagonal,,
185,409223,P 63 c m,Bi K3,Bi,Bi,1,15,6,K3,K,3,1,4,Hexagonal,,
185,637367,P 63 c m,Ni5 Ge2,Ni5,Ni,5,10,4,Ge2,Ge,2,14,4,Hexagonal,,
185,642571,P 63 c m,Lu2 S3,Lu2,Lu,2,3,6,S3,S,3,16,3,Hexagonal,,
185,646116,P 63 c m,Ni5 P2,Ni5,Ni,5,10,4,P2,P,2,15,3,Hexagonal,,
185,648767,P 63 c m,Pd5 Sb2,Pd5,Pd,5,10,5,Sb2,Sb,2,15,5,Hexagonal,,
185,651283,P 63 c m,Tm2 S3,Tm2,Tm,2,3,6,S3,S,3,16,3,Hexagonal,,
185,409824,P 63 c m,Mg3 Pd,Mg3,Mg,3,2,3,Pd,Pd,1,10,5,Hexagonal,,
185,54253,P 63 c m,Mg3 Pt,Mg3,Mg,3,2,3,Pt,Pt,1,10,6,Hexagonal,,
185,165992,P 63 c m,Na3 N,Na3,Na,3,1,3,N,N,1,15,2,Hexagonal,,
185,246319,P 63 c m,Y D3,Y,Y,1,3,5,D3,D,3,1,1,Hexagonal,,
185,106870,P 63 c m,Ir Mg2.73,Ir,Ir,1,9,6,Mg2.73,Mg,2.73,2,3,Hexagonal,,
185,106871,P 63 c m,Ir Mg3,Ir,Ir,1,9,6,Mg3,Mg,3,2,3,Hexagonal,,
185,106287,P 63 c m,Au Mg3,Au,Au,1,11,6,Mg3,Mg,3,2,3,Hexagonal,,
186,2002,P 63 m c,Ga Se,Ga,Ga,1,13,4,Se,Se,1,16,4,Hexagonal,,
186,2251,P 63 m c,Eu4.48 As2.86,Eu4.48,Eu,4.48,3,6,As2.86,As,2.86,15,4,Hexagonal,,
186,15620,P 63 m c,Be O,Be,Be,1,2,2,O,O,1,16,2,Hexagonal,,
186,15679,P 63 m c,Nb0.92 S,Nb0.92,Nb,0.92,5,5,S,S,1,16,3,Hexagonal,,
186,16260,P 63 m c,Ti2.45 S4,Ti2.45,Ti,2.45,4,4,S4,S,4,16,3,Hexagonal,,
186,1899,P 63 m c,Ag I,Ag,Ag,1,11,5,I,I,1,17,5,Hexagonal,,
186,15325,P 63 m c,Si C,Si,Si,1,14,3,C,C,1,14,2,Hexagonal,,
186,15477,P 63 m c,Zn S,Zn,Zn,1,12,4,S,S,1,16,3,Hexagonal,,
186,24263,P 63 m c,Pb I2,Pb,Pb,1,14,6,I2,I,2,17,5,Hexagonal,,
186,24770,P 63 m c,Cu Br,Cu,Cu,1,11,4,Br,Br,1,17,4,Hexagonal,,
186,24792,P 63 m c,Cr Se,Cr,Cr,1,6,4,Se,Se,1,16,4,Hexagonal,,
186,24923,P 63 m c,Pt O2,Pt,Pt,1,10,6,O2,O,2,16,2,Hexagonal,,
186,25568,P 63 m c,Ga1.33 S2,Ga1.33,Ga,1.33,13,4,S2,S,2,16,3,Hexagonal,,
186,25661,P 63 m c,Al1.33 Se2,Al1.33,Al,1.33,13,3,Se2,Se,2,16,4,Hexagonal,,
186,25676,P 63 m c,Ga N,Ga,Ga,1,13,4,N,N,1,15,2,Hexagonal,,
186,25677,P 63 m c,In N,In,In,1,13,5,N,N,1,15,2,Hexagonal,,
186,26170,P 63 m c,Zn O,Zn,Zn,1,12,4,O,O,1,16,2,Hexagonal,,
186,26249,P 63 m c,Ta Se2,Ta,Ta,1,5,6,Se2,Se,2,16,4,Hexagonal,,
186,27061,P 63 m c,Zr2.46 Se4,Zr2.46,Zr,2.46,4,5,Se4,Se,4,16,4,Hexagonal,,
186,24772,P 63 m c,Cu I,Cu,Cu,1,11,4,I,I,1,17,5,Hexagonal,,
186,27873,P 63 m c,H2 O,H2,H,2,1,1,O,O,1,16,2,Hexagonal,,
186,25782,P 63 m c,Cd Br2,Cd,Cd,1,12,5,Br2,Br,2,17,4,Hexagonal,,
186,26218,P 63 m c,Ir Si3,Ir,Ir,1,9,6,Si3,Si,3,14,3,Hexagonal,,
186,31169,P 63 m c,Al N,Al,Al,1,13,3,N,N,1,15,2,Hexagonal,,
186,31074,P 63 m c,Cd S,Cd,Cd,1,12,5,S,S,1,16,3,Hexagonal,,
186,38116,P 63 m c,Cd I2,Cd,Cd,1,12,5,I2,I,2,17,5,Hexagonal,,
186,60630,P 63 m c,Cd Se,Cd,Cd,1,12,5,Se,Se,1,16,4,Hexagonal,,
186,68847,P 63 m c,Fe S,Fe,Fe,1,8,4,S,S,1,16,3,Hexagonal,,
186,68853,P 63 m c,Fe0.985 S,Fe0.985,Fe,0.985,8,4,S,S,1,16,3,Hexagonal,,
186,79560,P 63 m c,Hf1.35 Se2,Hf1.35,Hf,1.35,4,6,Se2,Se,2,16,4,Hexagonal,,
186,85779,P 63 m c,Zr0.28 Zr Te2,Zr0.28,Zr,0.28,4,5,Zr,Zr,1,4,5,Hexagonal,,
186,42487,P 63 m c,Fe0.94 S,Fe0.94,Fe,0.94,8,4,S,S,1,16,3,Hexagonal,,
186,42493,P 63 m c,Ni S,Ni,Ni,1,10,4,S,S,1,16,3,Hexagonal,,
186,43003,P 63 m c,Sn S2,Sn,Sn,1,14,5,S2,S,2,16,3,Hexagonal,,
186,43239,P 63 m c,Ni5 P4,Ni5,Ni,5,10,4,P4,P,4,15,3,Hexagonal,,
186,43458,P 63 m c,Co O,Co,Co,1,9,4,O,O,1,16,2,Hexagonal,,
186,43595,P 63 m c,Zn Se,Zn,Zn,1,12,4,Se,Se,1,16,4,Hexagonal,,
186,44330,P 63 m c,Al1.333 Te2,Al1.333,Al,1.333,13,3,Te2,Te,2,16,5,Hexagonal,,
186,44617,P 63 m c,Ti3 S4,Ti3,Ti,3,4,4,S4,S,4,16,3,Hexagonal,,
186,44765,P 63 m c,Mn S,Mn,Mn,1,7,4,S,S,1,16,3,Hexagonal,,
186,44859,P 63 m c,Cu H,Cu,Cu,1,11,4,H,H,1,1,1,Hexagonal,,
186,76280,P 63 m c,Mo N,Mo,Mo,1,6,5,N,N,1,15,2,Hexagonal,,
186,76745,P 63 m c,Cr H,Cr,Cr,1,6,4,H,H,1,1,1,Hexagonal,,
186,76830,P 63 m c,Fe7 C3,Fe7,Fe,7,8,4,C3,C,3,14,2,Hexagonal,,
186,41486,P 63 m c,B N,B,B,1,13,2,N,N,1,15,2,Hexagonal,,
186,42680,P 63 m c,Pd4.67 Sb1.67,Pd4.67,Pd,4.67,10,5,Sb1.67,Sb,1.67,15,5,Hexagonal,,
186,52289,P 63 m c,Cr7 C3,Cr7,Cr,7,6,4,C3,C,3,14,2,Hexagonal,,
186,52363,P 63 m c,Mg Te,Mg,Mg,1,2,3,Te,Te,1,16,5,Hexagonal,,
186,52421,P 63 m c,Sm Se,Sm,Sm,1,3,6,Se,Se,1,16,4,Hexagonal,,
186,52438,P 63 m c,Tb Se,Tb,Tb,1,3,6,Se,Se,1,16,4,Hexagonal,,
186,52453,P 63 m c,Yb Se,Yb,Yb,1,3,6,Se,Se,1,16,4,Hexagonal,,
186,53381,P 63 m c,Dy Se,Dy,Dy,1,3,6,Se,Se,1,16,4,Hexagonal,,
186,58597,P 63 m c,Au3 Sr7,Au3,Au,3,11,6,Sr7,Sr,7,2,5,Hexagonal,,
186,58622,P 63 m c,Au3 Yb7,Au3,Au,3,11,6,Yb7,Yb,7,3,6,Hexagonal,,
186,58922,P 63 m c,Ca5 Pb3,Ca5,Ca,5,2,4,Pb3,Pb,3,14,6,Hexagonal,,
186,102101,P 63 m c,Ce24 Co11,Ce24,Ce,24,3,6,Co11,Co,11,9,4,Hexagonal,,
186,102234,P 63 m c,Ce7 Ni3,Ce7,Ce,7,3,6,Ni3,Ni,3,10,4,Hexagonal,,
186,44343,P 63 m c,Ru7 B3,Ru7,Ru,7,8,5,B3,B,3,13,2,Hexagonal,,
186,102700,P 63 m c,Co3 Th7,Co3,Co,3,9,4,Th7,Th,7,3,7,Hexagonal,,
186,103301,P 63 m c,Er7 Rh3,Er7,Er,7,3,6,Rh3,Rh,3,9,5,Hexagonal,,
186,104112,P 63 m c,Gd7 Pd3,Gd7,Gd,7,3,6,Pd3,Pd,3,10,5,Hexagonal,,
186,104155,P 63 m c,Gd13 Zn58,Gd13,Gd,13,3,6,Zn58,Zn,58,12,4,Hexagonal,,
186,104680,P 63 m c,La7 Ni3,La7,La,7,3,6,Ni3,Ni,3,10,4,Hexagonal,,
186,104802,P 63 m c,Lu Mn5,Lu,Lu,1,3,6,Mn5,Mn,5,7,4,Hexagonal,,
186,105406,P 63 m c,Ni3 Th7,Ni3,Ni,3,10,4,Th7,Th,7,3,7,Hexagonal,,
186,106427,P 63 m c,Ce7 Ru3,Ce7,Ce,7,3,6,Ru3,Ru,3,8,5,Hexagonal,,
186,601785,P 63 m c,Nd13 Zn58,Nd13,Nd,13,3,6,Zn58,Zn,58,12,4,Hexagonal,,
186,601919,P 63 m c,Ga1.34 S2,Ga1.34,Ga,1.34,13,4,S2,S,2,16,3,Hexagonal,,
186,604283,P 63 m c,Ce7 Rh3,Ce7,Ce,7,3,6,Rh3,Rh,3,9,5,Hexagonal,,
186,605879,P 63 m c,Sr7 Ag3,Sr7,Sr,7,2,5,Ag3,Ag,3,11,5,Hexagonal,,
186,609248,P 63 m c,Al0.667 S,Al0.667,Al,0.667,13,3,S,S,1,16,3,Hexagonal,,
186,611842,P 63 m c,Eu7 Au3,Eu7,Eu,7,3,6,Au3,Au,3,11,6,Hexagonal,,
186,612471,P 63 m c,Yb7 Au3,Yb7,Yb,7,3,6,Au3,Au,3,11,6,Hexagonal,,
186,615155,P 63 m c,B P,B,B,1,13,2,P,P,1,15,3,Hexagonal,,
186,615236,P 63 m c,Re7 B3,Re7,Re,7,7,6,B3,B,3,13,2,Hexagonal,,
186,615290,P 63 m c,Rh7 B3,Rh7,Rh,7,9,5,B3,B,3,13,2,Hexagonal,,
186,615554,P 63 m c,Tc7 B3,Tc7,Tc,7,7,5,B3,B,3,13,2,Hexagonal,,
186,620518,P 63 m c,Cd Te,Cd,Cd,1,12,5,Te,Te,1,16,5,Hexagonal,,
186,620651,P 63 m c,Co11 Ce24,Co11,Co,11,9,4,Ce24,Ce,24,3,6,Hexagonal,,
186,621399,P 63 m c,Ce7 Ir3,Ce7,Ce,7,3,6,Ir3,Ir,3,9,6,Hexagonal,,
186,621799,P 63 m c,Ce7 Pd3,Ce7,Ce,7,3,6,Pd3,Pd,3,10,5,Hexagonal,,
186,621873,P 63 m c,Ce7 Pt3,Ce7,Ce,7,3,6,Pt3,Pt,3,10,6,Hexagonal,,
186,621930,P 63 m c,Ce3 Rh,Ce3,Ce,3,3,6,Rh,Rh,1,9,5,Hexagonal,,
186,624382,P 63 m c,Nd24 Co11,Nd24,Nd,24,3,6,Co11,Co,11,9,4,Hexagonal,,
186,624383,P 63 m c,Nd7 Co3,Nd7,Nd,7,3,6,Co3,Co,3,9,4,Hexagonal,,
186,625427,P 63 m c,Th7 Co3,Th7,Th,7,3,7,Co3,Co,3,9,4,Hexagonal,,
186,630146,P 63 m c,Dy7 Rh3,Dy7,Dy,7,3,6,Rh3,Rh,3,9,5,Hexagonal,,
186,633893,P 63 m c,Th7 Fe3,Th7,Th,7,3,7,Fe3,Fe,3,8,4,Hexagonal,,
186,633897,P 63 m c,Fe3 Th7,Fe3,Fe,3,8,4,Th7,Th,7,3,7,Hexagonal,,
186,636199,P 63 m c,Gd7 Pt3,Gd7,Gd,7,3,6,Pt3,Pt,3,10,6,Hexagonal,,
186,636258,P 63 m c,Gd7 Rh3,Gd7,Gd,7,3,6,Rh3,Rh,3,9,5,Hexagonal,,
186,639621,P 63 m c,Ho7 Rh3,Ho7,Ho,7,3,6,Rh3,Rh,3,9,5,Hexagonal,,
186,640432,P 63 m c,In Sb,In,In,1,13,5,Sb,Sb,1,15,5,Hexagonal,,
186,640737,P 63 m c,La7 Ir3,La7,La,7,3,6,Ir3,Ir,3,9,6,Hexagonal,,
186,640912,P 63 m c,Pr7 Ir3,Pr7,Pr,7,3,6,Ir3,Ir,3,9,6,Hexagonal,,
186,641096,P 63 m c,Th7 Ir3,Th7,Th,7,3,7,Ir3,Ir,3,9,6,Hexagonal,,
186,641661,P 63 m c,La7 Pd3,La7,La,7,3,6,Pd3,Pd,3,10,5,Hexagonal,,
186,641692,P 63 m c,La7 Pt3,La7,La,7,3,6,Pt3,Pt,3,10,6,Hexagonal,,
186,641725,P 63 m c,La3 Rh,La3,La,3,3,6,Rh,Rh,1,9,5,Hexagonal,,
186,641726,P 63 m c,La7 Rh3,La7,La,7,3,6,Rh3,Rh,3,9,5,Hexagonal,,
186,643594,P 63 m c,Mn Se,Mn,Mn,1,7,4,Se,Se,1,16,4,Hexagonal,,
186,644794,P 63 m c,Tl N,Tl,Tl,1,13,6,N,N,1,15,2,Hexagonal,,
186,645607,P 63 m c,Nd7 Ni3,Nd7,Nd,7,3,6,Ni3,Ni,3,10,4,Hexagonal,,
186,645707,P 63 m c,Nd7 Pd3,Nd7,Nd,7,3,6,Pd3,Pd,3,10,5,Hexagonal,,
186,645735,P 63 m c,Nd7 Pt3,Nd7,Nd,7,3,6,Pt3,Pt,3,10,6,Hexagonal,,
186,645760,P 63 m c,Nd7.5 Rh2.5,Nd7.5,Nd,7.5,3,6,Rh2.5,Rh,2.5,9,5,Hexagonal,,
186,645761,P 63 m c,Nd7 Rh3,Nd7,Nd,7,3,6,Rh3,Rh,3,9,5,Hexagonal,,
186,646097,P 63 m c,Ni1.334 O2,Ni1.334,Ni,1.334,10,4,O2,O,2,16,2,Hexagonal,,
186,646243,P 63 m c,Pr7 Ni3,Pr7,Pr,7,3,6,Ni3,Ni,3,10,4,Hexagonal,,
186,646929,P 63 m c,Th7 Ni3,Th7,Th,7,3,7,Ni3,Ni,3,10,4,Hexagonal,,
186,647834,P 63 m c,Th7 Os3,Th7,Th,7,3,7,Os3,Os,3,8,6,Hexagonal,,
186,648099,P 63 m c,Sc7 P3,Sc7,Sc,7,3,4,P3,P,3,15,3,Hexagonal,,
186,648685,P 63 m c,Pr7 Pd3,Pr7,Pr,7,3,6,Pd3,Pd,3,10,5,Hexagonal,,
186,648900,P 63 m c,Sm7 Pd3,Sm7,Sm,7,3,6,Pd3,Pd,3,10,5,Hexagonal,,
186,649197,P 63 m c,Pr7 Pt3,Pr7,Pr,7,3,6,Pt3,Pt,3,10,6,Hexagonal,,
186,649222,P 63 m c,Pr7 Rh3,Pr7,Pr,7,3,6,Rh3,Rh,3,9,5,Hexagonal,,
186,649655,P 63 m c,Sm7 Pt3,Sm7,Sm,7,3,6,Pt3,Pt,3,10,6,Hexagonal,,
186,649758,P 63 m c,Th7 Pt3,Th7,Th,7,3,7,Pt3,Pt,3,10,6,Hexagonal,,
186,649860,P 63 m c,Y7 Pt3,Y7,Y,7,3,5,Pt3,Pt,3,10,6,Hexagonal,,
186,650360,P 63 m c,Sm7 Rh3,Sm7,Sm,7,3,6,Rh3,Rh,3,9,5,Hexagonal,,
186,650429,P 63 m c,Tb7 Rh3,Tb7,Tb,7,3,6,Rh3,Rh,3,9,5,Hexagonal,,
186,650458,P 63 m c,Rh3 Th7,Rh3,Rh,3,9,5,Th7,Th,7,3,7,Hexagonal,,
186,650463,P 63 m c,Th7 Rh3,Th7,Th,7,3,7,Rh3,Rh,3,9,5,Hexagonal,,
186,650528,P 63 m c,Y7 Rh3,Y7,Y,7,3,5,Rh3,Rh,3,9,5,Hexagonal,,
186,650724,P 63 m c,Th7 Ru3,Th7,Th,7,3,7,Ru3,Ru,3,8,5,Hexagonal,,
186,651195,P 63 m c,Ti2.5 S4,Ti2.5,Ti,2.5,4,4,S4,S,4,16,3,Hexagonal,,
186,658986,P 63 m c,Mg Se,Mg,Mg,1,2,3,Se,Se,1,16,4,Hexagonal,,
186,150944,P 63 m c,Nb Co3,Nb,Nb,1,5,5,Co3,Co,3,9,4,Hexagonal,,
186,414242,P 63 m c,Li I,Li,Li,1,1,2,I,I,1,17,5,Hexagonal,,
186,162607,P 63 m c,Mg O,Mg,Mg,1,2,3,O,O,1,16,2,Hexagonal,,
186,166523,P 63 m c,Ti7.5 S12,Ti7.5,Ti,7.5,4,4,S12,S,12,16,3,Hexagonal,,
186,422451,P 63 m c,Bi2 O3,Bi2,Bi,2,15,6,O3,O,3,16,2,Hexagonal,,
186,245158,P 63 m c,Sm12.72 Zn59.08,Sm12.72,Sm,12.72,3,6,Zn59.08,Zn,59.08,12,4,Hexagonal,,
186,245159,P 63 m c,Gd12.71 Zn59.50,Gd12.71,Gd,12.71,3,6,Zn59.50,Zn,59.5,12,4,Hexagonal,,
186,245161,P 63 m c,Dy12.60 Zn59.22,Dy12.60,Dy,12.6,3,6,Zn59.22,Zn,59.22,12,4,Hexagonal,,
186,245160,P 63 m c,Tb12.64 Zn59.10,Tb12.64,Tb,12.64,3,6,Zn59.10,Zn,59.1,12,4,Hexagonal,,
186,245231,P 63 m c,Mo0.93 N,Mo0.93,Mo,0.93,6,5,N,N,1,15,2,Hexagonal,,
186,245232,P 63 m c,Mo0.98 N,Mo0.98,Mo,0.98,6,5,N,N,1,15,2,Hexagonal,,
186,245611,P 63 m c,Ca Ge2,Ca,Ca,1,2,4,Ge2,Ge,2,14,4,Hexagonal,,
186,262928,P 63 m c,Mn O,Mn,Mn,1,7,4,O,O,1,16,2,Hexagonal,,
186,236216,P 63 m c,Zn0.8 O0.8,Zn0.8,Zn,0.8,12,4,O0.8,O,0.8,16,2,Hexagonal,,
186,192507,P 63 m c,Ge H,Ge,Ge,1,14,4,H,H,1,1,1,Hexagonal,,
186,195284,P 63 m c,Ta1.11 S2,Ta1.11,Ta,1.11,5,6,S2,S,2,16,3,Hexagonal,,
186,195285,P 63 m c,Ta1.09 S2,Ta1.09,Ta,1.09,5,6,S2,S,2,16,3,Hexagonal,,
186,430071,P 63 m c,B3 Ni7,B3,B,3,13,2,Ni7,Ni,7,10,4,Hexagonal,,
186,252269,P 63 m c,C D,C,C,1,14,2,D,D,1,1,1,Hexagonal,,
,,,,,,,,,,,,,,,,
,,,,,,,,,,,,,,,,